id_utilisateur,id_utilisateur,id_utilisateur,question,reponse,image,interval,ease,next_review
140,34,1,(a + b)<sup>3</sup>,,Maths/Aconnaitre/formule_cube.png,0,2.5,0
771,74,1,(a + b)<sup>3</sup>,,Maths/Aconnaitre/formule_cube.png,0,2.5,0
6,30,1,1 propriété de la covariance,,Maths/prop_covariance.png,0,2.5,0
637,70,1,1 propriété de la covariance,,Maths/prop_covariance.png,0,2.5,0
224,27,1,1ere propriétée des forme n-linéaire alternée,"Si f est une forme n−linéaire alternée sur E et (x1, . . . , xn) une famille de vecteurs de E liée alors f (x1, . . . , xn) = 0.",,0,2.5,0
855,67,1,1ere propriétée des forme n-linéaire alternée,"Si f est une forme n−linéaire alternée sur E et (x1, . . . , xn) une famille de vecteurs de E liée alors f (x1, . . . , xn) = 0.",,0,2.5,0
121,28,1,1ère formule de Bayes,,Maths/Dénombrement et probabilités finies/bayes1.png,0,2.5,0
752,68,1,1ère formule de Bayes,,Maths/Dénombrement et probabilités finies/bayes1.png,0,2.5,0
62,18,1,2 caractérisations d'une famille/partie liée,,Maths/Espaces vectoriels/cara_famille_liee.png,0,2.5,0
693,58,1,2 caractérisations d'une famille/partie liée,,Maths/Espaces vectoriels/cara_famille_liee.png,0,2.5,0
80,19,1,2 caractérisations des bases en dim finie,,Maths/Espaces vectoriels de dimension finie/cara_base.png,0,2.5,0
711,59,1,2 caractérisations des bases en dim finie,,Maths/Espaces vectoriels de dimension finie/cara_base.png,0,2.5,0
79,19,1,2 caractérisations des sous-espaces supplémentaires,,Maths/Espaces vectoriels de dimension finie/cara_supp.png,0,2.5,0
710,59,1,2 caractérisations des sous-espaces supplémentaires,,Maths/Espaces vectoriels de dimension finie/cara_supp.png,0,2.5,0
60,18,1,2 caractérisationsS de sous-espaces supplémentaires,,Maths/Espaces vectoriels/cara_supp.png,0,2.5,0
691,58,1,2 caractérisationsS de sous-espaces supplémentaires,,Maths/Espaces vectoriels/cara_supp.png,0,2.5,0
518,21,1,2 conditions suffisantes de finitude du rang,"1. Si u : E → F est linéaire et E de dimension finie alors u est de rang fini avec rg(u) ≤ dim E.
2. Si u : E → F est linéaire et F de dimension finie alors u est de rang fini avec rg(u) ≤ dim F .",,0,2.5,0
1149,61,1,2 conditions suffisantes de finitude du rang,"1. Si u : E → F est linéaire et E de dimension finie alors u est de rang fini avec rg(u) ≤ dim E.
2. Si u : E → F est linéaire et F de dimension finie alors u est de rang fini avec rg(u) ≤ dim F .",,0,2.5,0
214,29,1,2 existences de bases orthonormales,"1. Tout espace euclidien de dimension non nulle admet au moins une base orthonormale.
2. Toute famille orthonormale d’un espace euclidien peut être complétée en une base orthonormale.",,0,2.5,0
845,69,1,2 existences de bases orthonormales,"1. Tout espace euclidien de dimension non nulle admet au moins une base orthonormale.
2. Toute famille orthonormale d’un espace euclidien peut être complétée en une base orthonormale.",,0,2.5,0
85,29,1,2 façons de déterminer un projeté orthogonal d'un vecteur,,Maths/Espaces préhilbertiens réels/proj.png,0,2.5,0
716,69,1,2 façons de déterminer un projeté orthogonal d'un vecteur,,Maths/Espaces préhilbertiens réels/proj.png,0,2.5,0
206,29,1,2 identités remarquables associées à la norme,"1. ∀(x, y) ∈ E², ∥x + y∥² = ∥x∥² + ∥y∥²  + 2 < x|y > ;
2. ∀(x, y) ∈ E², < x|y > = 1/2(∥x + y∥² − ∥x∥² − ∥y∥²) . (formule de polarisation)",,0,2.5,0
837,69,1,2 identités remarquables associées à la norme,"1. ∀(x, y) ∈ E², ∥x + y∥² = ∥x∥² + ∥y∥²  + 2 < x|y > ;
2. ∀(x, y) ∈ E², < x|y > = 1/2(∥x + y∥² − ∥x∥² − ∥y∥²) . (formule de polarisation)",,0,2.5,0
255,2,1,2 inéquations élémentaires de la valeur absolue d'un réel,,Maths/Inégalités_et_fonctions/1785250459.png,0,2.5,0
886,42,1,2 inéquations élémentaires de la valeur absolue d'un réel,,Maths/Inégalités_et_fonctions/1785250459.png,0,2.5,0
9,30,1,2 lois marginales,,Maths/loi_marginales.png,0,2.5,0
640,70,1,2 lois marginales,,Maths/loi_marginales.png,0,2.5,0
69,19,1,2 propriétes de la dimension d'un sev,,Maths/Espaces vectoriels de dimension finie/prop_sev.png,0,2.5,0
700,59,1,2 propriétes de la dimension d'un sev,,Maths/Espaces vectoriels de dimension finie/prop_sev.png,0,2.5,0
47,18,1,2 propriétés d'une famille/partie libre,,Maths/Espaces vectoriels/prop_famille_libre.png,0,2.5,0
678,58,1,2 propriétés d'une famille/partie libre,,Maths/Espaces vectoriels/prop_famille_libre.png,0,2.5,0
382,10,1,2 propriétés d'une suite convergente/divergente,"1. Toute suite réelle convergente est bornée.
2. Toute suite réelle non bornée est divergente.",,0,2.5,0
1013,50,1,2 propriétés d'une suite convergente/divergente,"1. Toute suite réelle convergente est bornée.
2. Toute suite réelle non bornée est divergente.",,0,2.5,0
4,30,1,2 propriétés de la variance,,Maths/prop_variance.png,0,2.5,0
635,70,1,2 propriétés de la variance,,Maths/prop_variance.png,0,2.5,0
458,14,1,2 propriétés des matrices inversibles,,Maths/Calculs_matriciels_et_systèmes_linéaires/1785767939.png,0,2.5,0
1089,54,1,2 propriétés des matrices inversibles,,Maths/Calculs_matriciels_et_systèmes_linéaires/1785767939.png,0,2.5,0
161,12,1,2 propriétés des morphismes de groupes,"1. f(Eg) = Eg'
2. ∀ x ∈ G, (f(x))' = f(x')",,0,2.5,0
792,52,1,2 propriétés des morphismes de groupes,"1. f(Eg) = Eg'
2. ∀ x ∈ G, (f(x))' = f(x')",,0,2.5,0
78,19,1,2 propriétés du cardinal des bases,,Maths/Espaces vectoriels de dimension finie/card_base.png,0,2.5,0
709,59,1,2 propriétés du cardinal des bases,,Maths/Espaces vectoriels de dimension finie/card_base.png,0,2.5,0
519,21,1,2 propriétés du rang d'une composée,"Soit u ∈ L(E, F ) et v ∈ L(F, G).
1. Si u et v sont de rang fini alors v ◦ u est de rang fini et vérifie rg (v ◦ u) ≤ min(rg(u), rg(v)).
2. Invariance du rang par composition par un isomorphisme
(a) si u est un isomorphisme et v de rang fini alors v ◦ u est de rang fini et rg (v ◦ u) = rg (v).
(b) si v est un isomorphisme et u de rang fini alors v ◦ u est de rang fini et rg (v ◦ u) = rg (u).",,0,2.5,0
1150,61,1,2 propriétés du rang d'une composée,"Soit u ∈ L(E, F ) et v ∈ L(F, G).
1. Si u et v sont de rang fini alors v ◦ u est de rang fini et vérifie rg (v ◦ u) ≤ min(rg(u), rg(v)).
2. Invariance du rang par composition par un isomorphisme
(a) si u est un isomorphisme et v de rang fini alors v ◦ u est de rang fini et rg (v ◦ u) = rg (v).
(b) si v est un isomorphisme et u de rang fini alors v ◦ u est de rang fini et rg (v ◦ u) = rg (u).",,0,2.5,0
542,22,1,2 propriétés sur le produit avec poly premiers entre eux,"1. Si A et B sont premiers entre eux et divisent C alors AB divise C.
2. Si A et C sont premiers entre eux et si B et C sont premiers entre eux alors AB et C sont
premiers entre eux",,0,2.5,0
1173,62,1,2 propriétés sur le produit avec poly premiers entre eux,"1. Si A et B sont premiers entre eux et divisent C alors AB divise C.
2. Si A et C sont premiers entre eux et si B et C sont premiers entre eux alors AB et C sont
premiers entre eux",,0,2.5,0
480,16,1,2 propriétés sur le produit et des nombres premiers entre eux,"1. Si a et b sont premiers entre eux et si a et b divisent n alors ab divise n.
2. Si a et n sont premiers entre eux et si b et n sont premiers entre eux alors ab et n sont premiers
entre eux.",,0,2.5,0
1111,56,1,2 propriétés sur le produit et des nombres premiers entre eux,"1. Si a et b sont premiers entre eux et si a et b divisent n alors ab divise n.
2. Si a et n sont premiers entre eux et si b et n sont premiers entre eux alors ab et n sont premiers
entre eux.",,0,2.5,0
506,21,1,2 remarques sur les projecteurs,"1. Le seul projecteur de E bijectif est IdE .
2. On peut avoir E = Im u ⊕ Ker u sans que l’endomorphisme u de E ne soit un projecteur.",,0,2.5,0
1137,61,1,2 remarques sur les projecteurs,"1. Le seul projecteur de E bijectif est IdE .
2. On peut avoir E = Im u ⊕ Ker u sans que l’endomorphisme u de E ne soit un projecteur.",,0,2.5,0
66,18,1,2 règles de calcul dans un ev,,Maths/Espaces vectoriels/calcul.png,0,2.5,0
697,58,1,2 règles de calcul dans un ev,,Maths/Espaces vectoriels/calcul.png,0,2.5,0
358,9,1,2 règles de calcul des ensembles,,"Maths/Ensembles,_applications_et_relations_binaires/1785424468.png",0,2.5,0
989,49,1,2 règles de calcul des ensembles,,"Maths/Ensembles,_applications_et_relations_binaires/1785424468.png",0,2.5,0
552,23,1,2 structures de K(X),,Maths/Fractions_rationnelles/1785856272.png,0,2.5,0
1183,63,1,2 structures de K(X),,Maths/Fractions_rationnelles/1785856272.png,0,2.5,0
45,18,1,2 théorèmes d'un sous-espace vectoriel engendré par une partie,,Maths/Espaces vectoriels/th_engendre.png,0,2.5,0
676,58,1,2 théorèmes d'un sous-espace vectoriel engendré par une partie,,Maths/Espaces vectoriels/th_engendre.png,0,2.5,0
120,28,1,2e formule de Bayes,,Maths/Dénombrement et probabilités finies/bayes2.png,0,2.5,0
751,68,1,2e formule de Bayes,,Maths/Dénombrement et probabilités finies/bayes2.png,0,2.5,0
105,27,1,2e propriété d'une forme n-linéaire alternée,,Maths/Déterminants/antisymetrique.png,0,2.5,0
736,67,1,2e propriété d'une forme n-linéaire alternée,,Maths/Déterminants/antisymetrique.png,0,2.5,0
459,14,1,3 caractérisations des matrices inversibles,,Maths/Calculs_matriciels_et_systèmes_linéaires/1785767973.png,0,2.5,0
1090,54,1,3 caractérisations des matrices inversibles,,Maths/Calculs_matriciels_et_systèmes_linéaires/1785767973.png,0,2.5,0
155,12,1,3 caractéristiques d'un groupe,"1. Il y a unicité du neutre et de l'inverse
2. Tout groupe est composé au moins de l'élément neutre
3. Si la lci est commutative alors le groupe est dit abélien",,0,2.5,0
786,52,1,3 caractéristiques d'un groupe,"1. Il y a unicité du neutre et de l'inverse
2. Tout groupe est composé au moins de l'élément neutre
3. Si la lci est commutative alors le groupe est dit abélien",,0,2.5,0
117,28,1,3 définitions de combinaisons,,Maths/Dénombrement et probabilités finies/def_combi.png,0,2.5,0
748,68,1,3 définitions de combinaisons,,Maths/Dénombrement et probabilités finies/def_combi.png,0,2.5,0
125,20,1,3 opérations sur les DL,,Maths/Analyse asymptotique/operations.png,0,2.5,0
756,60,1,3 opérations sur les DL,,Maths/Analyse asymptotique/operations.png,0,2.5,0
314,4,1,3 propriétés avec les dérivées de fonctions complexes,,Maths/Nombres_complexes/1785337004.png,0,2.5,0
945,44,1,3 propriétés avec les dérivées de fonctions complexes,,Maths/Nombres_complexes/1785337004.png,0,2.5,0
504,21,1,3 propriétés d'un projecteur,,Maths/Applications_linéaires/1785853241.png,0,2.5,0
1135,61,1,3 propriétés d'un projecteur,,Maths/Applications_linéaires/1785853241.png,0,2.5,0
217,29,1,3 propriétés d'une projection orthogonale,"Si F est un sous-espace vectoriel de E de dimension finie alors :
1. on peut définir la projection sur F parallèlement à F ⊥ ;
2. cette projection est appelée projection orthogonale sur F et souvent notée pF ;
3. pour tout x de E, pF (x) est appelé projeté orthogonal de x sur F ",,0,2.5,0
848,69,1,3 propriétés d'une projection orthogonale,"Si F est un sous-espace vectoriel de E de dimension finie alors :
1. on peut définir la projection sur F parallèlement à F ⊥ ;
2. cette projection est appelée projection orthogonale sur F et souvent notée pF ;
3. pour tout x de E, pF (x) est appelé projeté orthogonal de x sur F ",,0,2.5,0
508,21,1,3 propriétés d'une symétrie,,Maths/Applications_linéaires/1785853420.png,0,2.5,0
1139,61,1,3 propriétés d'une symétrie,,Maths/Applications_linéaires/1785853420.png,0,2.5,0
326,4,1,3 propriétés de l'exponentielle complexe,,Maths/Nombres_complexes/1785338087.png,0,2.5,0
957,44,1,3 propriétés de l'exponentielle complexe,,Maths/Nombres_complexes/1785338087.png,0,2.5,0
240,1,1,3 propriétés de la congruence,"La relation ≡ est une relation d’équivalence sur R.
1. Pour tout réel x, on a : x ≡ x [2π].    (réflexivité)
2. Pour tout couple de réels (x, y) tel que x ≡ y [2π], on a : y ≡ x [2π]    (symétrie)
3. Pour tout triplet de réels (x, y, z) tel que x ≡ y [2π] et y ≡ z [2π], on a : x ≡ z [2π].      (transitivité)",,0,2.5,0
878,41,1,3 propriétés de la congruence,"La relation ≡ est une relation d’équivalence sur R.
1. Pour tout réel x, on a : x ≡ x [2π].    (réflexivité)
2. Pour tout couple de réels (x, y) tel que x ≡ y [2π], on a : y ≡ x [2π]    (symétrie)
3. Pour tout triplet de réels (x, y, z) tel que x ≡ y [2π] et y ≡ z [2π], on a : x ≡ z [2π].      (transitivité)",,0,2.5,0
205,29,1,3 propriétés de la norme,"1. ∀x ∈ E, ∥x∥ = 0 ⇒ x = 0E  (séparation)
2. ∀x ∈ E, ∀λ ∈ R, ∥λx∥ = |λ| ∥x∥  (homogénéité)
3. ∀(x, y) ∈ E2, ∥x + y∥ ≤ ∥x∥ + ∥y∥  (inégalité triangulaire)",,0,2.5,0
836,69,1,3 propriétés de la norme,"1. ∀x ∈ E, ∥x∥ = 0 ⇒ x = 0E  (séparation)
2. ∀x ∈ E, ∀λ ∈ R, ∥λx∥ = |λ| ∥x∥  (homogénéité)
3. ∀(x, y) ∈ E2, ∥x + y∥ ≤ ∥x∥ + ∥y∥  (inégalité triangulaire)",,0,2.5,0
254,2,1,3 propriétés de la valeur absolu d'un réel,,Maths/Inégalités_et_fonctions/1785250341.png,0,2.5,0
885,42,1,3 propriétés de la valeur absolu d'un réel,,Maths/Inégalités_et_fonctions/1785250341.png,0,2.5,0
108,28,1,3 propriétés des combinaisons/listes....,,Maths/Dénombrement et probabilités finies/prop_combi.png,0,2.5,0
739,68,1,3 propriétés des combinaisons/listes....,,Maths/Dénombrement et probabilités finies/prop_combi.png,0,2.5,0
286,3,1,3 propriétés du coefficient binomial,,Maths/Calcul_algébrique/1785253911.png,0,2.5,0
917,43,1,3 propriétés du coefficient binomial,,Maths/Calcul_algébrique/1785253911.png,0,2.5,0
92,27,1,3 propriétés du déterminant,,Maths/Déterminants/prop_det.png,0,2.5,0
723,67,1,3 propriétés du déterminant,,Maths/Déterminants/prop_det.png,0,2.5,0
170,12,1,3 remarques sur les anneaux,"1. Il y a unicité de l'élément neutre pour T 
2. Si T commutative alors A est un anneau commutatif
3. Si les lois sont + et × alors leurs neutres sont notés 0<sub>A<sub> et 1<sub>A<sub>",,0,2.5,0
801,52,1,3 remarques sur les anneaux,"1. Il y a unicité de l'élément neutre pour T 
2. Si T commutative alors A est un anneau commutatif
3. Si les lois sont + et × alors leurs neutres sont notés 0<sub>A<sub> et 1<sub>A<sub>",,0,2.5,0
282,3,1,3 sommes usuelles incontournables,,Maths/Calcul_algébrique/1785253568.png,0,2.5,0
913,43,1,3 sommes usuelles incontournables,,Maths/Calcul_algébrique/1785253568.png,0,2.5,0
93,27,1,3e propriété d'une forme n-linéaire alternée,,Maths/Déterminants/permutation.png,0,2.5,0
724,67,1,3e propriété d'une forme n-linéaire alternée,,Maths/Déterminants/permutation.png,0,2.5,0
309,4,1,"4 ""angles moitiés"" (demander Louis)",,Maths/Nombres_complexes/1785336455.png,0,2.5,0
940,44,1,"4 ""angles moitiés"" (demander Louis)",,Maths/Nombres_complexes/1785336455.png,0,2.5,0
86,29,1,4 exemples usuels à connaître ,,Maths/Espaces préhilbertiens réels/ex_usuels.png,0,2.5,0
717,69,1,4 exemples usuels à connaître ,,Maths/Espaces préhilbertiens réels/ex_usuels.png,0,2.5,0
453,14,1,4 matrices particulières,,Maths/Calculs_matriciels_et_systèmes_linéaires/1785767602.png,0,2.5,0
1084,54,1,4 matrices particulières,,Maths/Calculs_matriciels_et_systèmes_linéaires/1785767602.png,0,2.5,0
595,32,1,4 opérations sur les applications de classe C(1),"1. La combinaison linéaire de fonctions de classe C1 sur un ouvert de R2 à valeurs dans R est de
classe C1.
2. Le produit de fonctions de classe C1 sur un ouvert de R2 à valeurs dans R est de classe C1.
3. L’inverse d’une fonction de classe C1 sur un ouvert de R2 à valeurs dans R∗ est de classe C1.
4. La composée, à gauche ou à droite, d’une fonction de classe C1 sur un ouvert de R2 à valeurs dans
R par une fonction de classe C1 est de classe C1. (preuve avec la règle de la chaîne vue au II).",,0,2.5,0
1226,72,1,4 opérations sur les applications de classe C(1),"1. La combinaison linéaire de fonctions de classe C1 sur un ouvert de R2 à valeurs dans R est de
classe C1.
2. Le produit de fonctions de classe C1 sur un ouvert de R2 à valeurs dans R est de classe C1.
3. L’inverse d’une fonction de classe C1 sur un ouvert de R2 à valeurs dans R∗ est de classe C1.
4. La composée, à gauche ou à droite, d’une fonction de classe C1 sur un ouvert de R2 à valeurs dans
R par une fonction de classe C1 est de classe C1. (preuve avec la règle de la chaîne vue au II).",,0,2.5,0
590,31,1,4 propriétés d'un ouvert ,,Maths/Fonctions_convexes/1785859230.png,0,2.5,0
1221,71,1,4 propriétés d'un ouvert ,,Maths/Fonctions_convexes/1785859230.png,0,2.5,0
5,30,1,4 propriétés de l'espérance,,Maths/prop_espe.png,0,2.5,0
636,70,1,4 propriétés de l'espérance,,Maths/prop_espe.png,0,2.5,0
303,4,1,4 propriétés du module,,Maths/Nombres_complexes/1785336060.png,0,2.5,0
934,44,1,4 propriétés du module,,Maths/Nombres_complexes/1785336060.png,0,2.5,0
38,1,1,5 formules de cosinus et sinus,,Maths/Trigonométrie/1784298957.png,0,2.5,0
669,41,1,5 formules de cosinus et sinus,,Maths/Trigonométrie/1784298957.png,0,2.5,0
425,13,1,5 opérations sur les fonctions continues en un point,"1. Si f et g sont continues en a et (λ, μ) est un couple de réels alors λf + μg est continue en a.
2. Si f et g sont continues en a alors f g est continue en a.
3. Si f et g sont continues en a et si g ne s’annule pas au voisinage de a alors f/g est continue en a.
4. Soit f une fonction définie sur I et à valeurs réelles tel que, pour tout x de I, f (x) appartient à J.
Soit g une fonction définie sur J et à valeurs réelles.
Soit a un réel de I.
Si f est continue en a et si g est continue en f (a) alors g ◦ f est continue en a.",,0,2.5,0
1056,53,1,5 opérations sur les fonctions continues en un point,"1. Si f et g sont continues en a et (λ, μ) est un couple de réels alors λf + μg est continue en a.
2. Si f et g sont continues en a alors f g est continue en a.
3. Si f et g sont continues en a et si g ne s’annule pas au voisinage de a alors f/g est continue en a.
4. Soit f une fonction définie sur I et à valeurs réelles tel que, pour tout x de I, f (x) appartient à J.
Soit g une fonction définie sur J et à valeurs réelles.
Soit a un réel de I.
Si f est continue en a et si g est continue en f (a) alors g ◦ f est continue en a.",,0,2.5,0
491,16,1,5 propriétés de la congruence,"1. x ≡ x [n] (réflexivité)
2. si x ≡ y [n] alors y ≡ x [n] (symétrie)
3. si x ≡ y [n] et y ≡ z [n] alors x ≡ z [n] (transitivité)
4. Si x ≡ y [n] et z ≡ t [n] alors x + z ≡ y + t [n] . (compatibilité avec l’addition)
5. Si x ≡ y [n] et z ≡ t [n] alors xz ≡ yt [n] . (compatibilité avec la multiplication)",,0,2.5,0
1122,56,1,5 propriétés de la congruence,"1. x ≡ x [n] (réflexivité)
2. si x ≡ y [n] alors y ≡ x [n] (symétrie)
3. si x ≡ y [n] et y ≡ z [n] alors x ≡ z [n] (transitivité)
4. Si x ≡ y [n] et z ≡ t [n] alors x + z ≡ y + t [n] . (compatibilité avec l’addition)
5. Si x ≡ y [n] et z ≡ t [n] alors xz ≡ yt [n] . (compatibilité avec la multiplication)",,0,2.5,0
107,28,1,5 propriétés des probabilités,,Maths/Dénombrement et probabilités finies/prop_proba.png,0,2.5,0
738,68,1,5 propriétés des probabilités,,Maths/Dénombrement et probabilités finies/prop_proba.png,0,2.5,0
91,27,1,5 propriétés du déterminant des matrices,,Maths/Déterminants/prop_det_carree.png,0,2.5,0
722,67,1,5 propriétés du déterminant des matrices,,Maths/Déterminants/prop_det_carree.png,0,2.5,0
494,21,1,5 types d'application,"1. Une application u de E dans F est dite application linéaire de E dans F si :
∀(λ, μ) ∈ K2, ∀(x, y) ∈ E2, u(λx + μy) = λu(x) + μu(y).
2. Les applications linéaires de E dans F constituent L(E, F ).
3. Les applications linéaires bijectives de E dans F sont dites isomorphismes de E sur F .
4. Les applications linéaires de E dans E sont dites endomorphismes de E et constituent L(E).
5. Les endomorphismes bijectifs de E sont dits automorphismes de E et constituent GL(E).",,0,2.5,0
1125,61,1,5 types d'application,"1. Une application u de E dans F est dite application linéaire de E dans F si :
∀(λ, μ) ∈ K2, ∀(x, y) ∈ E2, u(λx + μy) = λu(x) + μu(y).
2. Les applications linéaires de E dans F constituent L(E, F ).
3. Les applications linéaires bijectives de E dans F sont dites isomorphismes de E sur F .
4. Les applications linéaires de E dans E sont dites endomorphismes de E et constituent L(E).
5. Les endomorphismes bijectifs de E sont dits automorphismes de E et constituent GL(E).",,0,2.5,0
301,4,1,6 propriétés de la conjugaison d'un nombre complexe,,Maths/Nombres_complexes/1785335919.png,0,2.5,0
932,44,1,6 propriétés de la conjugaison d'un nombre complexe,,Maths/Nombres_complexes/1785335919.png,0,2.5,0
464,16,1,6 propriétés immédiates,,Maths/Arithmétique_sur_Z/1785768391.png,0,2.5,0
1095,56,1,6 propriétés immédiates,,Maths/Arithmétique_sur_Z/1785768391.png,0,2.5,0
501,21,1,Action d'une application linéaire sur une base,,Maths/Applications_linéaires/1785853014.png,0,2.5,0
1132,61,1,Action d'une application linéaire sur une base,,Maths/Applications_linéaires/1785853014.png,0,2.5,0
383,10,1,Addition sur les limites,,Maths/Suites_numériques/1785436170.png,0,2.5,0
1014,50,1,Addition sur les limites,,Maths/Suites_numériques/1785436170.png,0,2.5,0
469,16,1,Algorithme d'Euclide,,Maths/Arithmétique_sur_Z/1785768688.png,0,2.5,0
534,22,1,Algorithme d'Euclide,,Maths/Arithmétique_des_polynômes/1785855190.png,0,2.5,0
1100,56,1,Algorithme d'Euclide,,Maths/Arithmétique_sur_Z/1785768688.png,0,2.5,0
1165,62,1,Algorithme d'Euclide,,Maths/Arithmétique_des_polynômes/1785855190.png,0,2.5,0
83,19,1,Algorithme de construction de base,,Maths/Espaces vectoriels de dimension finie/algo_constru.png,0,2.5,0
714,59,1,Algorithme de construction de base,,Maths/Espaces vectoriels de dimension finie/algo_constru.png,0,2.5,0
329,6,1,Application au calcul d’intégrales sur un segment,,Maths/Calculs_de_primitives/1785338444.png,0,2.5,0
960,46,1,Application au calcul d’intégrales sur un segment,,Maths/Calculs_de_primitives/1785338444.png,0,2.5,0
606,32,1,Application géométrique de la règle de la chaîne,,Maths/Fonctions_de_deux_variables/1785940681.png,0,2.5,0
1237,72,1,Application géométrique de la règle de la chaîne,,Maths/Fonctions_de_deux_variables/1785940681.png,0,2.5,0
349,8,1,Approximations décimales d’un réel,,Maths/Compléments_sur_les_réels/1785423981.png,0,2.5,0
980,48,1,Approximations décimales d’un réel,,Maths/Compléments_sur_les_réels/1785423981.png,0,2.5,0
192,17,1,A|B et B|A,ssi ∃ λ ∈ K∗ tel que A = λB,,0,2.5,0
823,57,1,A|B et B|A,ssi ∃ λ ∈ K∗ tel que A = λB,,0,2.5,0
510,21,1,Bijectivité des symétries,Toute symétrie s de E est un automorphisme de E dont la bijection réciproque est s.,,0,2.5,0
1141,61,1,Bijectivité des symétries,Toute symétrie s de E est un automorphisme de E dont la bijection réciproque est s.,,0,2.5,0
87,29,1,Calcul de coordonées d'un vecteur dans une base orthonormale,,Maths/Espaces préhilbertiens réels/co_vect.png,0,2.5,0
718,69,1,Calcul de coordonées d'un vecteur dans une base orthonormale,,Maths/Espaces préhilbertiens réels/co_vect.png,0,2.5,0
280,3,1,Calcul par paquets sur sommes et produits finis,,Maths/Calcul_algébrique/1785253456.png,0,2.5,0
911,43,1,Calcul par paquets sur sommes et produits finis,,Maths/Calcul_algébrique/1785253456.png,0,2.5,0
505,21,1,Caractérisation algébrique d'un projecteur,,Maths/Applications_linéaires/1785853259.png,0,2.5,0
1136,61,1,Caractérisation algébrique d'un projecteur,,Maths/Applications_linéaires/1785853259.png,0,2.5,0
159,12,1,Caractérisation alternative d'un sous-groupe,"H ≠ 0 et ∀ (x,y) ∈ H, x ★ y' ∈ H",,0,2.5,0
790,52,1,Caractérisation alternative d'un sous-groupe,"H ≠ 0 et ∀ (x,y) ∈ H, x ★ y' ∈ H",,0,2.5,0
515,21,1,Caractérisation d'espaces vectoriels isomorphes,"Si E est de dimension finie alors F est isomorphe à E si, et seulement si, E et F ont même dimension.",,0,2.5,0
1146,61,1,Caractérisation d'espaces vectoriels isomorphes,"Si E est de dimension finie alors F est isomorphe à E si, et seulement si, E et F ont même dimension.",,0,2.5,0
524,21,1,Caractérisation d'un hyperplan,"Soit H un sous-espace vectoriel de E.
H est un hyperplan de E si, et seulement si, H est supplémentaire d’une droite de E.",,0,2.5,0
1155,61,1,Caractérisation d'un hyperplan,"Soit H un sous-espace vectoriel de E.
H est un hyperplan de E si, et seulement si, H est supplémentaire d’une droite de E.",,0,2.5,0
525,21,1,Caractérisation d'un hyperplan avec la dimension ,"Un sous-espace vectoriel H de E est un hyperplan de E si, et seulement si, dim(H) = dim(E) − 1.",,0,2.5,0
1156,61,1,Caractérisation d'un hyperplan avec la dimension ,"Un sous-espace vectoriel H de E est un hyperplan de E si, et seulement si, dim(H) = dim(E) − 1.",,0,2.5,0
61,18,1,Caractérisation d'un sous-espace vectoriel,,Maths/Espaces vectoriels/cara_sev.png,0,2.5,0
692,58,1,Caractérisation d'un sous-espace vectoriel,,Maths/Espaces vectoriels/cara_sev.png,0,2.5,0
63,18,1,Caractérisation d'un sous-espace vectoriel engendré par une partie,,Maths/Espaces vectoriels/cara_engendre.png,0,2.5,0
694,58,1,Caractérisation d'un sous-espace vectoriel engendré par une partie,,Maths/Espaces vectoriels/cara_engendre.png,0,2.5,0
158,12,1,Caractérisation d'un sous-groupe,"1. H ≠ 0 
2. ∀ (x,y) ∈ H, x ★ y ∈ H (stable par composition)
3. ∀ x ∈ H, x' ∈ H avec x' inverse de x dans le groupe G (stable par passage à l'inverse)",,0,2.5,0
789,52,1,Caractérisation d'un sous-groupe,"1. H ≠ 0 
2. ∀ (x,y) ∈ H, x ★ y ∈ H (stable par composition)
3. ∀ x ∈ H, x' ∈ H avec x' inverse de x dans le groupe G (stable par passage à l'inverse)",,0,2.5,0
64,18,1,Caractérisation d'une somme directe,,Maths/Espaces vectoriels/cara_directe.png,0,2.5,0
695,58,1,Caractérisation d'une somme directe,,Maths/Espaces vectoriels/cara_directe.png,0,2.5,0
509,21,1,Caractérisation d'une symétrie,,Maths/Applications_linéaires/1785853487.png,0,2.5,0
1140,61,1,Caractérisation d'une symétrie,,Maths/Applications_linéaires/1785853487.png,0,2.5,0
357,9,1,Caractérisation de deux ensembles égaux,"Deux ensembles E et F sont égaux si, et seulement si, E ⊂ F et F ⊂ E.",,0,2.5,0
988,49,1,Caractérisation de deux ensembles égaux,"Deux ensembles E et F sont égaux si, et seulement si, E ⊂ F et F ⊂ E.",,0,2.5,0
268,2,1,Caractérisation de fonctions monotones,"1. f est croissante sur I si, et seulement si, pour tout x de I, f ′(x) ≥ 0.
2. f est décroissante sur I si, et seulement si, pour tout x de I, f ′(x) ≤ 0.",,0,2.5,0
899,42,1,Caractérisation de fonctions monotones,"1. f est croissante sur I si, et seulement si, pour tout x de I, f ′(x) ≥ 0.
2. f est décroissante sur I si, et seulement si, pour tout x de I, f ′(x) ≤ 0.",,0,2.5,0
269,2,1,Caractérisation de fonctions strictement monotones,,Maths/Inégalités_et_fonctions/1785251805.png,0,2.5,0
900,42,1,Caractérisation de fonctions strictement monotones,,Maths/Inégalités_et_fonctions/1785251805.png,0,2.5,0
367,9,1,Caractérisation de l'injection et de la surjection,"Une application f : E −→ F est :
— une injection si, et seulement si : ∀(x, x′) ∈ E2, f (x) = f (x′) ⇒ x = x′.
— une surjection si, et seulement si : ∀y ∈ F, ∃x ∈ E, y = f (x).",,0,2.5,0
998,49,1,Caractérisation de l'injection et de la surjection,"Une application f : E −→ F est :
— une injection si, et seulement si : ∀(x, x′) ∈ E2, f (x) = f (x′) ⇒ x = x′.
— une surjection si, et seulement si : ∀y ∈ F, ∃x ∈ E, y = f (x).",,0,2.5,0
511,21,1,"Caractérisation de l'injectivité, la surjectivité ou la bijectivité",,Maths/Applications_linéaires/1785853559.png,0,2.5,0
1142,61,1,"Caractérisation de l'injectivité, la surjectivité ou la bijectivité",,Maths/Applications_linéaires/1785853559.png,0,2.5,0
371,9,1,Caractérisation de la bijection,"Une application f : E −→ F est une bijection si, et seulement si, f est une injection et une surjection.",,0,2.5,0
1002,49,1,Caractérisation de la bijection,"Une application f : E −→ F est une bijection si, et seulement si, f est une injection et une surjection.",,0,2.5,0
490,16,1,Caractérisation de la congruence,"x ≡ y [n] si, et seulement si, les restes des divisions euclidiennes de x et y par n sont égaux.",,0,2.5,0
1121,56,1,Caractérisation de la congruence,"x ≡ y [n] si, et seulement si, les restes des divisions euclidiennes de x et y par n sont égaux.",,0,2.5,0
129,20,1,Caractérisation de la continuité et de la dérivabilité d'un DL,,Maths/Analyse asymptotique/continuite_derivabilite.png,0,2.5,0
760,60,1,Caractérisation de la continuité et de la dérivabilité d'un DL,,Maths/Analyse asymptotique/continuite_derivabilite.png,0,2.5,0
610,31,1,Caractérisation de la convexité,,Maths/Fonctions_convexes/1785940882.png,0,2.5,0
1241,71,1,Caractérisation de la convexité,,Maths/Fonctions_convexes/1785940882.png,0,2.5,0
194,17,1,Caractérisation de la divisibilité,"α est une racine de P dans K si, et seulement si, le polynôme X−α divise P",,0,2.5,0
466,16,1,Caractérisation de la divisibilité,"Soit (a, b) ∈ Z × N∗.
b divise a si, et seulement si, le reste de la division euclidienne de a par b est nul.",,0,2.5,0
825,57,1,Caractérisation de la divisibilité,"α est une racine de P dans K si, et seulement si, le polynôme X−α divise P",,0,2.5,0
1097,56,1,Caractérisation de la divisibilité,"Soit (a, b) ∈ Z × N∗.
b divise a si, et seulement si, le reste de la division euclidienne de a par b est nul.",,0,2.5,0
487,16,1,Caractérisation de la divisibilité avec la valuation p-adique,,Maths/Arithmétique_sur_Z/1785769656.png,0,2.5,0
1118,56,1,Caractérisation de la divisibilité avec la valuation p-adique,,Maths/Arithmétique_sur_Z/1785769656.png,0,2.5,0
548,22,1,Caractérisation de la divisibilité dans C[X],,Maths/Arithmétique_des_polynômes/1785855942.png,0,2.5,0
1179,62,1,Caractérisation de la divisibilité dans C[X],,Maths/Arithmétique_des_polynômes/1785855942.png,0,2.5,0
267,2,1,Caractérisation de la fonction constante,"Soit f une fonction définie sur I, dérivable sur I et à valeurs réelles.
f est constante si, et seulement si, pour tout x de I, f ′(x) = 0",,0,2.5,0
898,42,1,Caractérisation de la fonction constante,"Soit f une fonction définie sur I, dérivable sur I et à valeurs réelles.
f est constante si, et seulement si, pour tout x de I, f ′(x) = 0",,0,2.5,0
405,10,1,Caractérisation de la limite d'une suite complexe,,Maths/Suites_numériques/1785600654.png,0,2.5,0
1036,50,1,Caractérisation de la limite d'une suite complexe,,Maths/Suites_numériques/1785600654.png,0,2.5,0
198,17,1,Caractérisation de la multiplicité d’une racine par les polynômes dérivés successifs,"α est racine de multiplicité m dans P ssi : ∀k ∈ [0,m−1] dérivée k-ième en α = 0 et dérivée m-ième ≠ 0",,0,2.5,0
829,57,1,Caractérisation de la multiplicité d’une racine par les polynômes dérivés successifs,"α est racine de multiplicité m dans P ssi : ∀k ∈ [0,m−1] dérivée k-ième en α = 0 et dérivée m-ième ≠ 0",,0,2.5,0
28,30,1,Caractérisation de n-uplets de variables aléatoires,,Maths/carac_indes.png,0,2.5,0
659,70,1,Caractérisation de n-uplets de variables aléatoires,,Maths/carac_indes.png,0,2.5,0
535,22,1,Caractérisation des PGCD,,Maths/Arithmétique_des_polynômes/1785855273.png,0,2.5,0
1166,62,1,Caractérisation des PGCD,,Maths/Arithmétique_des_polynômes/1785855273.png,0,2.5,0
500,21,1,Caractérisation des applications linéaires injectives/surjectives,"1. Une application linéaire u de E dans F est injective si, et seulement si, Ker u = {0E }.
2. Une application (linéaire) u de E dans F est surjective si, et seulement si, Im u = F .",,0,2.5,0
1131,61,1,Caractérisation des applications linéaires injectives/surjectives,"1. Une application linéaire u de E dans F est injective si, et seulement si, Ker u = {0E }.
2. Une application (linéaire) u de E dans F est surjective si, et seulement si, Im u = F .",,0,2.5,0
513,21,1,Caractérisation des automorphismes,"Si u est un endomorphisme de E avec E de dimension finie alors les trois propositions suivantes
sont deux à deux équivalentes.
1. u est bijective.
2. u est inversible à droite (c’est-à-dire qu’il existe v ∈ L(E) tel que u ◦ v = Id).
3. u est inversible à gauche (c’est-à-dire qu’il existe w ∈ L(E) tel que w ◦ u = Id).",,0,2.5,0
1144,61,1,Caractérisation des automorphismes,"Si u est un endomorphisme de E avec E de dimension finie alors les trois propositions suivantes
sont deux à deux équivalentes.
1. u est bijective.
2. u est inversible à droite (c’est-à-dire qu’il existe v ∈ L(E) tel que u ◦ v = Id).
3. u est inversible à gauche (c’est-à-dire qu’il existe w ∈ L(E) tel que w ◦ u = Id).",,0,2.5,0
104,27,1,Caractérisation des automorphismes avec le déterminant,,Maths/Déterminants/carac_auto.png,0,2.5,0
735,67,1,Caractérisation des automorphismes avec le déterminant,,Maths/Déterminants/carac_auto.png,0,2.5,0
103,27,1,Caractérisation des bases par le déterminant,,Maths/Déterminants/carac_det.png,0,2.5,0
734,67,1,Caractérisation des bases par le déterminant,,Maths/Déterminants/carac_det.png,0,2.5,0
232,28,1,Caractérisation des bijections entre ensembles finis,"Une application entre deux ensembles finis de même cardinal est bijective si, et seulement si, elle est injective, si, et seulement si, elle est surjective.",,0,2.5,0
863,68,1,Caractérisation des bijections entre ensembles finis,"Une application entre deux ensembles finis de même cardinal est bijective si, et seulement si, elle est injective, si, et seulement si, elle est surjective.",,0,2.5,0
463,16,1,Caractérisation des couples d'entiers associés,"Si l’une des propositions équivalentes suivantes est vérifiée, on dit que les entiers a et b sont associés.
1. a | b et b | a.
2. |a| = |b| .
3. a = b ou a = −b.",,0,2.5,0
1094,56,1,Caractérisation des couples d'entiers associés,"Si l’une des propositions équivalentes suivantes est vérifiée, on dit que les entiers a et b sont associés.
1. a | b et b | a.
2. |a| = |b| .
3. a = b ou a = −b.",,0,2.5,0
614,31,1,Caractérisation des fonctions convexes deux fois dérivables,"Soit f : I → R une fonction deux fois dérivable sur I.
Alors : f est convexe sur I si, et seulement si, f ′′ est positive sur I.",,0,2.5,0
1245,71,1,Caractérisation des fonctions convexes deux fois dérivables,"Soit f : I → R une fonction deux fois dérivable sur I.
Alors : f est convexe sur I si, et seulement si, f ′′ est positive sur I.",,0,2.5,0
613,31,1,Caractérisation des fonctions convexes dérivables,"Soit f : I → R une fonction dérivable sur I.
Alors : f est convexe sur I si, et seulement si, f ′ est croissante sur I.",,0,2.5,0
1244,71,1,Caractérisation des fonctions convexes dérivables,"Soit f : I → R une fonction dérivable sur I.
Alors : f est convexe sur I si, et seulement si, f ′ est croissante sur I.",,0,2.5,0
356,8,1,Caractérisation des intervalles de R,"Une partie X de R est un intervalle de R si, et seulement si, pour tous réels a et b dans X tels que a ≤ b,
le segment [a, b] est inclus dans X.",,0,2.5,0
987,48,1,Caractérisation des intervalles de R,"Une partie X de R est un intervalle de R si, et seulement si, pour tous réels a et b dans X tels que a ≤ b,
le segment [a, b] est inclus dans X.",,0,2.5,0
512,21,1,Caractérisation des isomorphismes,"Si u est une application linéaire entre deux K espaces vectoriels de même dimension finie alors les
trois propositions suivantes sont deux à deux équivalentes.
1. u est injective
2. u est surjective
3. u est bijective.",,0,2.5,0
1143,61,1,Caractérisation des isomorphismes,"Si u est une application linéaire entre deux K espaces vectoriels de même dimension finie alors les
trois propositions suivantes sont deux à deux équivalentes.
1. u est injective
2. u est surjective
3. u est bijective.",,0,2.5,0
102,27,1,Caractérisation des matrices inversibles avec le déterminant,,Maths/Déterminants/carac_inverse.png,0,2.5,0
733,67,1,Caractérisation des matrices inversibles avec le déterminant,,Maths/Déterminants/carac_inverse.png,0,2.5,0
29,30,1,Caractérisation des variables aléatoires indépendantes,,Maths/cara_va_inde.png,0,2.5,0
660,70,1,Caractérisation des variables aléatoires indépendantes,,Maths/cara_va_inde.png,0,2.5,0
470,16,1,Caractérisation du PGCD,,Maths/Arithmétique_sur_Z/1785768723.png,0,2.5,0
1101,56,1,Caractérisation du PGCD,,Maths/Arithmétique_sur_Z/1785768723.png,0,2.5,0
375,10,1,Caractérisation du caractère borné ,"Une suite réelle (Un) est bornée si, et seulement si, la suite (|Un|) est majorée par un réel strictement positif.",,0,2.5,0
1006,50,1,Caractérisation du caractère borné ,"Une suite réelle (Un) est bornée si, et seulement si, la suite (|Un|) est majorée par un réel strictement positif.",,0,2.5,0
88,29,1,Caractérisation du projeté orthogonal d'un vecteur,,Maths/Espaces préhilbertiens réels/cara_proj.png,0,2.5,0
719,69,1,Caractérisation du projeté orthogonal d'un vecteur,,Maths/Espaces préhilbertiens réels/cara_proj.png,0,2.5,0
424,13,1,Caractérisation séquentielle de la continuité en un point,"f est continue en a si, et seulement si, pour toute suite (xn) d’éléments de I qui admet pour limite a, la suite réelle (f (xn)) admet pour limite f (a).",,0,2.5,0
1055,53,1,Caractérisation séquentielle de la continuité en un point,"f est continue en a si, et seulement si, pour toute suite (xn) d’éléments de I qui admet pour limite a, la suite réelle (f (xn)) admet pour limite f (a).",,0,2.5,0
413,13,1,Caractérisation séquentielle de la limite,,Maths/Limite_et_continuité_des_fonctions_numériques/1785601996.png,0,2.5,0
1044,53,1,Caractérisation séquentielle de la limite,,Maths/Limite_et_continuité_des_fonctions_numériques/1785601996.png,0,2.5,0
347,8,1,Caractérisation séquentielle des parties denses dans R,"Une partie X de R est dense dans R si, et seulement si, tout réel est limite d’une suite d’éléments de X.",,0,2.5,0
978,48,1,Caractérisation séquentielle des parties denses dans R,"Une partie X de R est dense dans R si, et seulement si, tout réel est limite d’une suite d’éléments de X.",,0,2.5,0
65,18,1,Caractérisations d'une base,,Maths/Espaces vectoriels/cara_base.png,0,2.5,0
696,58,1,Caractérisations d'une base,,Maths/Espaces vectoriels/cara_base.png,0,2.5,0
439,13,1,Caractérisations d'une limite d'une fonction à valeurs complexes,"— f admet pour limite ℓ en a (point de I ou extrémité de I) si, et seulement si, Re (f ) et Im (f )
admettent respectivement pour limite Re(ℓ) et Im(ℓ) en a.
— f est continue en a (point de I) si, et seulement si, Re(f ) et Im(f ) le sont.
— f est continue sur I si, et seulement si, Re(f ) et Im(f ) le sont.",,0,2.5,0
1070,53,1,Caractérisations d'une limite d'une fonction à valeurs complexes,"— f admet pour limite ℓ en a (point de I ou extrémité de I) si, et seulement si, Re (f ) et Im (f )
admettent respectivement pour limite Re(ℓ) et Im(ℓ) en a.
— f est continue en a (point de I) si, et seulement si, Re(f ) et Im(f ) le sont.
— f est continue sur I si, et seulement si, Re(f ) et Im(f ) le sont.",,0,2.5,0
545,22,1,Caractérisations des polynômes irréductibles,"— Les polynômes irréductibles de C [X] sont les polynômes de degré 1.
— Les polynômes irréductibles de R [X] sont les polynômes de degré 1 et les polynômes de degré 2
qui n’ont pas de racine réelle.",,0,2.5,0
1177,62,1,Caractérisations des polynômes irréductibles,"— Les polynômes irréductibles de C [X] sont les polynômes de degré 1.
— Les polynômes irréductibles de R [X] sont les polynômes de degré 1 et les polynômes de degré 2
qui n’ont pas de racine réelle.",,0,2.5,0
130,20,1,Caractérisations des relations de comparaison,,Maths/Analyse asymptotique/cara.png,0,2.5,0
761,60,1,Caractérisations des relations de comparaison,,Maths/Analyse asymptotique/cara.png,0,2.5,0
118,28,1,Cardinal de l'ensemble des parties d'un ensemble fini,,Maths/Dénombrement et probabilités finies/card_fini.png,0,2.5,0
749,68,1,Cardinal de l'ensemble des parties d'un ensemble fini,,Maths/Dénombrement et probabilités finies/card_fini.png,0,2.5,0
119,28,1,Cardinal de l’ensemble des applications entre deux ensembles finis,,Maths/Dénombrement et probabilités finies/card_appli.png,0,2.5,0
750,68,1,Cardinal de l’ensemble des applications entre deux ensembles finis,,Maths/Dénombrement et probabilités finies/card_appli.png,0,2.5,0
49,18,1,Cas d'une intersection de sous-espace vectoriel,,Maths/Espaces vectoriels/inter.png,0,2.5,0
680,58,1,Cas d'une intersection de sous-espace vectoriel,,Maths/Espaces vectoriels/inter.png,0,2.5,0
568,24,1,Cas des séries à termes complexes,,Maths/Séries_numériques/1785857047.png,0,2.5,0
1199,64,1,Cas des séries à termes complexes,,Maths/Séries_numériques/1785857047.png,0,2.5,0
630,33,1,Cas particilulier du théorème de Fubini,,Maths/Familles_numériques_sommables/1785942081.png,0,2.5,0
1261,73,1,Cas particilulier du théorème de Fubini,,Maths/Familles_numériques_sommables/1785942081.png,0,2.5,0
460,14,1,Cas particulier des matrices diagonales et triangulaires pour les inverses,"1. Une matrice diagonale est inversible si, et seulement si, ses coefficients diagonaux sont tous non nuls.
Dans ce cas, sa matrice inverse est diagonale.
2. Une matrice triangulaire est inversible si, et seulement si, ses coefficients diagonaux sont tous non nuls.
Dans ce cas, sa matrice inverse est triangulaire.",,0,2.5,0
1091,54,1,Cas particulier des matrices diagonales et triangulaires pour les inverses,"1. Une matrice diagonale est inversible si, et seulement si, ses coefficients diagonaux sont tous non nuls.
Dans ce cas, sa matrice inverse est diagonale.
2. Une matrice triangulaire est inversible si, et seulement si, ses coefficients diagonaux sont tous non nuls.
Dans ce cas, sa matrice inverse est triangulaire.",,0,2.5,0
437,13,1,Ce qui NE s'étend PAS aux fonctions complexes,"— Notion de limite infinie.
— Résultats utilisant la relation d’ordre dont les théorèmes d’existence de limite.",,0,2.5,0
1068,53,1,Ce qui NE s'étend PAS aux fonctions complexes,"— Notion de limite infinie.
— Résultats utilisant la relation d’ordre dont les théorèmes d’existence de limite.",,0,2.5,0
402,10,1,Ce qui NE s'étend PAS aux suites complexes,"— Suite majorée, suite minorée
— Monotonie d’une suite
— Notion de limite infinie
— Résultats utilisant la relation d’ordre dont les théorèmes d’existence de limite",,0,2.5,0
1033,50,1,Ce qui NE s'étend PAS aux suites complexes,"— Suite majorée, suite minorée
— Monotonie d’une suite
— Notion de limite infinie
— Résultats utilisant la relation d’ordre dont les théorèmes d’existence de limite",,0,2.5,0
436,13,1,Ce qui s'étend aux fonctions complexes,"— Limite finie :
— définition et caractérisations (cf infra) ;
— unicité ;
— opérations sur les limites finies ;
— lien entre existence d’une limite finie en un point et caractère borné au voisinage de ce point.
— Continuité en un point et sur un intervalle.",,0,2.5,0
1067,53,1,Ce qui s'étend aux fonctions complexes,"— Limite finie :
— définition et caractérisations (cf infra) ;
— unicité ;
— opérations sur les limites finies ;
— lien entre existence d’une limite finie en un point et caractère borné au voisinage de ce point.
— Continuité en un point et sur un intervalle.",,0,2.5,0
401,10,1,Ce qui s'étend aux suites complexes,"— Notation séquentielle, modes de définition d’une suite, suite stationnaire
— Limite finie : définition et caractérisation (cf infra), unicité, opérations sur les limites finies
— Convergence et divergence
— Suite bornée : définition (cf infra), lien avec la convergence
— Suites extraites : définitions, propriétés, théorème de Bolzano-Weierstrass",,0,2.5,0
1032,50,1,Ce qui s'étend aux suites complexes,"— Notation séquentielle, modes de définition d’une suite, suite stationnaire
— Limite finie : définition et caractérisation (cf infra), unicité, opérations sur les limites finies
— Convergence et divergence
— Suite bornée : définition (cf infra), lien avec la convergence
— Suites extraites : définitions, propriétés, théorème de Bolzano-Weierstrass",,0,2.5,0
597,32,1,Classe C(1) et continuité,"Soit f : O → R une fonction définie sur un ouvert O de R2.
Si f est de classe C1 sur O alors f est continue sur O.",,0,2.5,0
1228,72,1,Classe C(1) et continuité,"Soit f : O → R une fonction définie sur un ouvert O de R2.
Si f est de classe C1 sur O alors f est continue sur O.",,0,2.5,0
559,23,1,Coefficients des éléments simples associés aux pôles simples,,Maths/Fractions_rationnelles/1785856633.png,0,2.5,0
1190,63,1,Coefficients des éléments simples associés aux pôles simples,,Maths/Fractions_rationnelles/1785856633.png,0,2.5,0
263,2,1,Combinaison linéaire de fonctions dérivables,"Soit f et g deux fonctions définies sur I et à valeurs réelles et (α, β) un couple de réels.
Si f et g sont dérivables sur I alors αf + βg est dérivable sur I et sa dérivée vérifie :
(αf + βg)′ = αf ′ + βg′.",,0,2.5,0
894,42,1,Combinaison linéaire de fonctions dérivables,"Soit f et g deux fonctions définies sur I et à valeurs réelles et (α, β) un couple de réels.
Si f et g sont dérivables sur I alors αf + βg est dérivable sur I et sa dérivée vérifie :
(αf + βg)′ = αf ′ + βg′.",,0,2.5,0
68,18,1,Combinaison linéaire d’une famille de vecteurs,,Maths/Espaces vectoriels/CL.png,0,2.5,0
699,58,1,Combinaison linéaire d’une famille de vecteurs,,Maths/Espaces vectoriels/CL.png,0,2.5,0
527,21,1,Comparaison des équations d’un hyperplan en dimension finie,Deux formes linéaires non nulles sur E de même noyau sont proportionnelles.,,0,2.5,0
1158,61,1,Comparaison des équations d’un hyperplan en dimension finie,Deux formes linéaires non nulles sur E de même noyau sont proportionnelles.,,0,2.5,0
372,9,1,Composition de deux bijections,"Une application f : E −→ F est une bijection si, et seulement si, f est une injection et une surjection.","Maths/Ensembles,_applications_et_relations_binaires/1785425135.png",0,2.5,0
373,9,1,Composition de deux bijections,,"Maths/Ensembles,_applications_et_relations_binaires/1785425138.png",0,2.5,0
1003,49,1,Composition de deux bijections,"Une application f : E −→ F est une bijection si, et seulement si, f est une injection et une surjection.","Maths/Ensembles,_applications_et_relations_binaires/1785425135.png",0,2.5,0
1004,49,1,Composition de deux bijections,,"Maths/Ensembles,_applications_et_relations_binaires/1785425138.png",0,2.5,0
368,9,1,Composition de deux injections/surjections,La composée de deux injections (resp. surjections) est une injection (resp. surjection),,0,2.5,0
999,49,1,Composition de deux injections/surjections,La composée de deux injections (resp. surjections) est une injection (resp. surjection),,0,2.5,0
266,2,1,Composition de fonctions dérivables,"Soit f une fonction définie sur I et à valeurs réelles tel que, pour tout x de I, f (x) appartient à J.
Soit g une fonction définie sur J et à valeurs réelles.
Si f est dérivable sur I et si g est dérivable sur J alors g ◦ f est dérivable sur I et sa dérivée vérifie :
(g ◦ f )′ = (g′ ◦ f ) × f ′.",,0,2.5,0
897,42,1,Composition de fonctions dérivables,"Soit f une fonction définie sur I et à valeurs réelles tel que, pour tout x de I, f (x) appartient à J.
Soit g une fonction définie sur J et à valeurs réelles.
Si f est dérivable sur I et si g est dérivable sur J alors g ◦ f est dérivable sur I et sa dérivée vérifie :
(g ◦ f )′ = (g′ ◦ f ) × f ′.",,0,2.5,0
601,32,1,Condition nécessaire d'existence d'un extremum local,,Maths/Fonctions_de_deux_variables/1785940288.png,0,2.5,0
1232,72,1,Condition nécessaire d'existence d'un extremum local,,Maths/Fonctions_de_deux_variables/1785940288.png,0,2.5,0
410,13,1,Condition nécessaire d'existence de limite,Si f possède une limite finie en a alors f est bornée au voisinage de a.,,0,2.5,0
1041,53,1,Condition nécessaire d'existence de limite,Si f possède une limite finie en a alors f est bornée au voisinage de a.,,0,2.5,0
562,24,1,Condition nécessaire de convergence d'une série,,Maths/Séries_numériques/1785856816.png,0,2.5,0
1193,64,1,Condition nécessaire de convergence d'une série,,Maths/Séries_numériques/1785856816.png,0,2.5,0
182,15,1,Condition nécessaire de dérivabilité,Si f est dérivable en a alors f est continue en a.,,0,2.5,0
813,55,1,Condition nécessaire de dérivabilité,Si f est dérivable en a alors f est continue en a.,,0,2.5,0
412,13,1,Condition nécessaire et suffisante d'existence de limite,,Maths/Limite_et_continuité_des_fonctions_numériques/1785601809.png,0,2.5,0
1043,53,1,Condition nécessaire et suffisante d'existence de limite,,Maths/Limite_et_continuité_des_fonctions_numériques/1785601809.png,0,2.5,0
423,13,1,Condition nécessaire et suffisante de continuité en un point,"f est continue en a si, et seulement si, elle est continue à gauche et à droite en a.",,0,2.5,0
1054,53,1,Condition nécessaire et suffisante de continuité en un point,"f est continue en a si, et seulement si, elle est continue à gauche et à droite en a.",,0,2.5,0
569,24,1,Condition nécessaire et suffisante de convergence,,Maths/Séries_numériques/1785857170.png,0,2.5,0
1200,64,1,Condition nécessaire et suffisante de convergence,,Maths/Séries_numériques/1785857170.png,0,2.5,0
434,13,1,Continuité et injectivité,"Toute fonction continue sur un intervalle, à valeurs réelles et injective, est strictement monotone.",,0,2.5,0
1065,53,1,Continuité et injectivité,"Toute fonction continue sur un intervalle, à valeurs réelles et injective, est strictement monotone.",,0,2.5,0
589,31,1,Continuité sur un ouvert ,,Maths/Fonctions_convexes/1785859194.png,0,2.5,0
1220,71,1,Continuité sur un ouvert ,,Maths/Fonctions_convexes/1785859194.png,0,2.5,0
390,10,1,Corollaire de la propriété pratique,,Maths/Suites_numériques/1785436691.png,0,2.5,0
417,13,1,Corollaire de la propriété pratique,"Soit f et g deux fonctions définies sur I, à valeurs réelles.
1. Si f a pour limite le réel ℓ en a alors |f | a pour limite |ℓ| en a.
2. Si f a pour limite 0 en a et si g est bornée au voisinage de a alors f g a pour limite 0 en a",,0,2.5,0
1021,50,1,Corollaire de la propriété pratique,,Maths/Suites_numériques/1785436691.png,0,2.5,0
1048,53,1,Corollaire de la propriété pratique,"Soit f et g deux fonctions définies sur I, à valeurs réelles.
1. Si f a pour limite le réel ℓ en a alors |f | a pour limite |ℓ| en a.
2. Si f a pour limite 0 en a et si g est bornée au voisinage de a alors f g a pour limite 0 en a",,0,2.5,0
484,16,1,Corollaire du théorème de décomposition en produit de nombres premiers,,Maths/Arithmétique_sur_Z/1785769480.png,0,2.5,0
1115,56,1,Corollaire du théorème de décomposition en produit de nombres premiers,,Maths/Arithmétique_sur_Z/1785769480.png,0,2.5,0
27,30,1,Covariance de variables aléatoires indépendantes,,Maths/co_inde.png,0,2.5,0
658,70,1,Covariance de variables aléatoires indépendantes,,Maths/co_inde.png,0,2.5,0
126,20,1,DL usuels à connaître,,Maths/Analyse asymptotique/dl_usuels.png,0,2.5,0
757,60,1,DL usuels à connaître,,Maths/Analyse asymptotique/dl_usuels.png,0,2.5,0
553,23,1,Degré d'une fraction rationnelle,,Maths/Fractions_rationnelles/1785856311.png,0,2.5,0
1184,63,1,Degré d'une fraction rationnelle,,Maths/Fractions_rationnelles/1785856311.png,0,2.5,0
456,14,1,Deux formules usuelles,,Maths/Calculs_matriciels_et_systèmes_linéaires/1785767759.png,0,2.5,0
1087,54,1,Deux formules usuelles,,Maths/Calculs_matriciels_et_systèmes_linéaires/1785767759.png,0,2.5,0
516,21,1,"Dimension de L(E, F )","Si E et F sont de dimension finie alors L(E, F ) l’est aussi et dim (L(E, F )) = dim(E) × dim(F ).",,0,2.5,0
1147,61,1,"Dimension de L(E, F )","Si E et F sont de dimension finie alors L(E, F ) l’est aussi et dim (L(E, F )) = dim(E) × dim(F ).",,0,2.5,0
219,29,1,Distance d'un vecteur à un hyperplan H,"Si x est un vecteur de E et H un hyperplan de E de vecteur normal unitaire a alors
d(x, H) = ∥x − pH (x)∥ = ∥pH⊥ (x)∥ = |< a|x >| .",,0,2.5,0
850,69,1,Distance d'un vecteur à un hyperplan H,"Si x est un vecteur de E et H un hyperplan de E de vecteur normal unitaire a alors
d(x, H) = ∥x − pH (x)∥ = ∥pH⊥ (x)∥ = |< a|x >| .",,0,2.5,0
193,17,1,Division euclidienne de A par B,A = BQ + R avec deg(R) < deg(B),,0,2.5,0
824,57,1,Division euclidienne de A par B,A = BQ + R avec deg(R) < deg(B),,0,2.5,0
213,29,1,Donner les grandes lignes de l'algorithme d'orthonormalisation de Gram-Schmidt,"Soit B = (e1, . . . , en) une base quelconque de E.
Etape 1 : on pose u1 = e1
Etape 2 : on pose u2 = e2 + α1u1 et on cherche α1 ∈ R tel que < u1|u2 > = 0
Après n étapes, on obtient une base orthogonale de E, (u1, u2, . . . , un) 
La famille B′ = (e′1, . . . , e′n) définie par ∀i ∈ [1; n, e′i = 1/∥ui∥*ui est alors une base orthonormée de E.",,0,2.5,0
844,69,1,Donner les grandes lignes de l'algorithme d'orthonormalisation de Gram-Schmidt,"Soit B = (e1, . . . , en) une base quelconque de E.
Etape 1 : on pose u1 = e1
Etape 2 : on pose u2 = e2 + α1u1 et on cherche α1 ∈ R tel que < u1|u2 > = 0
Après n étapes, on obtient une base orthogonale de E, (u1, u2, . . . , un) 
La famille B′ = (e′1, . . . , e′n) définie par ∀i ∈ [1; n, e′i = 1/∥ui∥*ui est alors une base orthonormée de E.",,0,2.5,0
355,8,1,Droite achevée R ,,Maths/Compléments_sur_les_réels/1785424271.png,0,2.5,0
986,48,1,Droite achevée R ,,Maths/Compléments_sur_les_réels/1785424271.png,0,2.5,0
223,26,1,Décomposition d'une permutation,"Toute permutation de [1, n] peut s’écrire comme composée de transpositions.",,0,2.5,0
854,66,1,Décomposition d'une permutation,"Toute permutation de [1, n] peut s’écrire comme composée de transpositions.",,0,2.5,0
133,20,1,Définition DL,,Maths/Analyse asymptotique/5.png,0,2.5,0
764,60,1,Définition DL,,Maths/Analyse asymptotique/5.png,0,2.5,0
475,16,1,Définition PPCM,,Maths/Arithmétique_sur_Z/1785769097.png,0,2.5,0
1106,56,1,Définition PPCM,,Maths/Arithmétique_sur_Z/1785769097.png,0,2.5,0
312,4,1,Définition arguments d'un nombre complexe,,Maths/Nombres_complexes/1785336795.png,0,2.5,0
943,44,1,Définition arguments d'un nombre complexe,,Maths/Nombres_complexes/1785336795.png,0,2.5,0
144,12,1,Définition associativité d'une lci,"∀ (x,y,z) ∈ E, (x ★ y) ★ z = x ★ (y ★ z)",,0,2.5,0
775,52,1,Définition associativité d'une lci,"∀ (x,y,z) ∈ E, (x ★ y) ★ z = x ★ (y ★ z)",,0,2.5,0
145,12,1,Définition commutativité d’une lci,"∀ (x,y) ∈ E, x ★ y = y ★ x",,0,2.5,0
776,52,1,Définition commutativité d’une lci,"∀ (x,y) ∈ E, x ★ y = y ★ x",,0,2.5,0
22,30,1,Définition couple de variables aléatoires,,Maths/def_couple.png,0,2.5,0
653,70,1,Définition couple de variables aléatoires,,Maths/def_couple.png,0,2.5,0
477,16,1,Définition d'entiers premiers entre eux,Les entiers a et b sont dits premiers entre eux si leur PGCD est égal à 1.,,0,2.5,0
1108,56,1,Définition d'entiers premiers entre eux,Les entiers a et b sont dits premiers entre eux si leur PGCD est égal à 1.,,0,2.5,0
514,21,1,Définition d'espaces vectoriels isomorphes,Deux espaces vectoriels E et F sont dits isomorphes s’il existe un isomorphisme de E vers F .,,0,2.5,0
1145,61,1,Définition d'espaces vectoriels isomorphes,Deux espaces vectoriels E et F sont dits isomorphes s’il existe un isomorphisme de E vers F .,,0,2.5,0
366,9,1,Définition d'injection et de surjection,"Une application f : E −→ F est dite :
— injection si tout élément de F a au plus un antécédent par f .
— surjection si tout élément de F a au moins un antécédent par f .",,0,2.5,0
997,49,1,Définition d'injection et de surjection,"Une application f : E −→ F est dite :
— injection si tout élément de F a au plus un antécédent par f .
— surjection si tout élément de F a au moins un antécédent par f .",,0,2.5,0
167,12,1,Définition d'isomorphisme de groupe,f est dit isomorphisme de groupes si f est un morphisme de groupes et que f est bijective,,0,2.5,0
798,52,1,Définition d'isomorphisme de groupe,f est dit isomorphisme de groupes si f est un morphisme de groupes et que f est bijective,,0,2.5,0
588,31,1,Définition d'ouvert,,Maths/Fonctions_convexes/1785859121.png,0,2.5,0
1219,71,1,Définition d'ouvert,,Maths/Fonctions_convexes/1785859121.png,0,2.5,0
169,12,1,Définition d'un anneau,"Un anneau est un ensemble A muni de deux lci : 
1. (A, ★) est un groupe abélien
2. T est associative
3. T est distributive par rapport à ★
4. A admet un élément neutre pour T",,0,2.5,0
800,52,1,Définition d'un anneau,"Un anneau est un ensemble A muni de deux lci : 
1. (A, ★) est un groupe abélien
2. T est associative
3. T est distributive par rapport à ★
4. A admet un élément neutre pour T",,0,2.5,0
178,12,1,Définition d'un anneau intègre,"Un anneau (A, +, ×) est dit intègre si :
1. A ≠ {0<sub>A<sub>}
2. ∀ (a,b) ∈ A, a × b = 0<sub>A<sub> donc a = 0<sub>A<sub> ou b = 0<sub>A<sub>",,0,2.5,0
809,52,1,Définition d'un anneau intègre,"Un anneau (A, +, ×) est dit intègre si :
1. A ≠ {0<sub>A<sub>}
2. ∀ (a,b) ∈ A, a × b = 0<sub>A<sub> donc a = 0<sub>A<sub> ou b = 0<sub>A<sub>",,0,2.5,0
179,12,1,Définition d'un corps commutatif,"Un anneau (A, +, ×) est dit corps commutatif si :
1. A ≠ {0<sub>A<sub>}
2. A est commutatif
3. tout élément de A différent de 0<sub>A<sub> admet un inverse dans A pour ×",,0,2.5,0
810,52,1,Définition d'un corps commutatif,"Un anneau (A, +, ×) est dit corps commutatif si :
1. A ≠ {0<sub>A<sub>}
2. A est commutatif
3. tout élément de A différent de 0<sub>A<sub> admet un inverse dans A pour ×",,0,2.5,0
44,26,1,Définition d'un cycle,,Maths/Groupe symétrique/cycle.png,0,2.5,0
675,66,1,Définition d'un cycle,,Maths/Groupe symétrique/cycle.png,0,2.5,0
201,29,1,Définition d'un espace euclidien.,C'est un R espace vectoriel muni d'un produit scalaire de dimension finie. ,,0,2.5,0
832,69,1,Définition d'un espace euclidien.,C'est un R espace vectoriel muni d'un produit scalaire de dimension finie. ,,0,2.5,0
99,27,1,Définition d'un forme n-linéaire alternée sur E ,,Maths/Déterminants/def_forme.png,0,2.5,0
730,67,1,Définition d'un forme n-linéaire alternée sur E ,,Maths/Déterminants/def_forme.png,0,2.5,0
153,12,1,Définition d'un groupe,"Un groupe est un ensemble G avec :
- une lci
- lci associative
- G admet un élément neutre pour la lci
- Tout élément de G admet un inverse pour la lci qui appartient à G",,0,2.5,0
784,52,1,Définition d'un groupe,"Un groupe est un ensemble G avec :
- une lci
- lci associative
- G admet un élément neutre pour la lci
- Tout élément de G admet un inverse pour la lci qui appartient à G",,0,2.5,0
523,21,1,Définition d'un hyperplan,Un sous-espace vectoriel de E est dit hyperplan s’il est le noyau d’une forme linéaire non nulle sur E.,,0,2.5,0
1154,61,1,Définition d'un hyperplan,Un sous-espace vectoriel de E est dit hyperplan s’il est le noyau d’une forme linéaire non nulle sur E.,,0,2.5,0
176,12,1,Définition d'un isomorphisme d'anneaux,f est dit isomorphisme d'anneaux si f est morphisme d'anneaux et bijective,,0,2.5,0
807,52,1,Définition d'un isomorphisme d'anneaux,f est dit isomorphisme d'anneaux si f est morphisme d'anneaux et bijective,,0,2.5,0
173,12,1,Définition d'un morphisme d'anneaux,"Une application f : A -> B est dite morphisme d'anneaux si A et B deux anneaux de lois (+, ×) et (★, T) : 
1. f(1<sub>A<sub>) = 1<sub>B<sub>
2. ∀ (x,y) ∈ A, f(x + y) = f(x) ★ f(y)
3. ∀ (x,y) ∈ A, f(x × y) = f(x) T f(y)",,0,2.5,0
804,52,1,Définition d'un morphisme d'anneaux,"Une application f : A -> B est dite morphisme d'anneaux si A et B deux anneaux de lois (+, ×) et (★, T) : 
1. f(1<sub>A<sub>) = 1<sub>B<sub>
2. ∀ (x,y) ∈ A, f(x + y) = f(x) ★ f(y)
3. ∀ (x,y) ∈ A, f(x × y) = f(x) T f(y)",,0,2.5,0
166,12,1,Définition d'un morphisme de groupe injectif,Une application f morphisme de groupes est injective si et seulement si Ker f = {Eg},,0,2.5,0
797,52,1,Définition d'un morphisme de groupe injectif,Une application f morphisme de groupes est injective si et seulement si Ker f = {Eg},,0,2.5,0
160,12,1,Définition d'un morphisme de groupes,"f : G -> G' est dit morphisme de groupes si G et G' 2 groupes tels que ∀ (x,y) ∈ G, f(x ★ y) = f(x) T f(y)",,0,2.5,0
791,52,1,Définition d'un morphisme de groupes,"f : G -> G' est dit morphisme de groupes si G et G' 2 groupes tels que ∀ (x,y) ∈ G, f(x ★ y) = f(x) T f(y)",,0,2.5,0
481,16,1,Définition d'un nombre premier,Un nombre entier naturel non nul p est dit premier s’il admet uniquement deux diviseurs entiers naturels distincts (qui sont 1 et p).,,0,2.5,0
1112,56,1,Définition d'un nombre premier,Un nombre entier naturel non nul p est dit premier s’il admet uniquement deux diviseurs entiers naturels distincts (qui sont 1 et p).,,0,2.5,0
70,19,1,Définition d'un produit fini d'ev,,Maths/Espaces vectoriels de dimension finie/produit.png,0,2.5,0
701,59,1,Définition d'un produit fini d'ev,,Maths/Espaces vectoriels de dimension finie/produit.png,0,2.5,0
172,12,1,Définition d'un sous-anneau,"Une partie H d’un anneau (A, +, ×) est un sous-anneau de A si, et seulement si,
1. 1A ∈ H.
2. ∀(x, y) ∈ H<sup>2<sup>, x + y ∈ H
3. ∀x ∈ H, −x ∈ H.
4. ∀(x, y) ∈ H<sup>2<sup>, x × y ∈ H.",,0,2.5,0
803,52,1,Définition d'un sous-anneau,"Une partie H d’un anneau (A, +, ×) est un sous-anneau de A si, et seulement si,
1. 1A ∈ H.
2. ∀(x, y) ∈ H<sup>2<sup>, x + y ∈ H
3. ∀x ∈ H, −x ∈ H.
4. ∀(x, y) ∈ H<sup>2<sup>, x × y ∈ H.",,0,2.5,0
181,12,1,Définition d'un sous-corps,"Une partie H d'un corps (A, +, ×) est un sous-corps de A ssi : 
1. H est un sous-anneau de A
2. ∀ x ∈ H, x ≠ 0<sub>A<sub> donc x<sup>-1<sup>∈ H",,0,2.5,0
812,52,1,Définition d'un sous-corps,"Une partie H d'un corps (A, +, ×) est un sous-corps de A ssi : 
1. H est un sous-anneau de A
2. ∀ x ∈ H, x ≠ 0<sub>A<sub> donc x<sup>-1<sup>∈ H",,0,2.5,0
56,18,1,Définition d'un sous-espace vectoriel,,Maths/Espaces vectoriels/def_sev.png,0,2.5,0
687,58,1,Définition d'un sous-espace vectoriel,,Maths/Espaces vectoriels/def_sev.png,0,2.5,0
58,18,1,Définition d'un sous-espace vectoriel engendré par une partie,,Maths/Espaces vectoriels/def_engendre.png,0,2.5,0
689,58,1,Définition d'un sous-espace vectoriel engendré par une partie,,Maths/Espaces vectoriels/def_engendre.png,0,2.5,0
157,12,1,Définition d'un sous-groupe,"Une partie H de G est dit sous-groupe si : 
- H est stable pour la lci
- H est un groupe pour la lci de G",,0,2.5,0
788,52,1,Définition d'un sous-groupe,"Une partie H de G est dit sous-groupe si : 
- H est stable pour la lci
- H est un groupe pour la lci de G",,0,2.5,0
116,28,1,Définition d'un système complet d'évènements,,Maths/Dénombrement et probabilités finies/def_sce.png,0,2.5,0
747,68,1,Définition d'un système complet d'évènements,,Maths/Dénombrement et probabilités finies/def_sce.png,0,2.5,0
218,29,1,Définition d'un vecteur normal à un hyperplan,Si H est un hyperplan de E alors tout vecteur directeur de la droite H⊥ est appelé vecteur normal à H.,,0,2.5,0
849,69,1,Définition d'un vecteur normal à un hyperplan,Si H est un hyperplan de E alors tout vecteur directeur de la droite H⊥ est appelé vecteur normal à H.,,0,2.5,0
12,30,1,Définition d'un évènement pour une variable aléatoire,,Maths/image_reciproque.png,0,2.5,0
643,70,1,Définition d'un évènement pour une variable aléatoire,,Maths/image_reciproque.png,0,2.5,0
235,28,1,Définition d'un événement,Toute partie de l’univers Ω est appelée événement.,,0,2.5,0
866,68,1,Définition d'un événement,Toute partie de l’univers Ω est appelée événement.,,0,2.5,0
67,18,1,Définition d'une base,,Maths/Espaces vectoriels/base.png,0,2.5,0
698,58,1,Définition d'une base,,Maths/Espaces vectoriels/base.png,0,2.5,0
587,31,1,Définition d'une boule ouverte ,,Maths/Fonctions_convexes/1785859092.png,0,2.5,0
1218,71,1,Définition d'une boule ouverte ,,Maths/Fonctions_convexes/1785859092.png,0,2.5,0
113,28,1,Définition d'une famille finie d'évènements indépendants,,Maths/Dénombrement et probabilités finies/inde.png,0,2.5,0
744,68,1,Définition d'une famille finie d'évènements indépendants,,Maths/Dénombrement et probabilités finies/inde.png,0,2.5,0
52,18,1,Définition d'une famille/partie génératrice,,Maths/Espaces vectoriels/famille_gen.png,0,2.5,0
683,58,1,Définition d'une famille/partie génératrice,,Maths/Espaces vectoriels/famille_gen.png,0,2.5,0
51,18,1,Définition d'une famille/partie libre,,Maths/Espaces vectoriels/famille_libre.png,0,2.5,0
682,58,1,Définition d'une famille/partie libre,,Maths/Espaces vectoriels/famille_libre.png,0,2.5,0
50,18,1,Définition d'une famille/partie liée,,Maths/Espaces vectoriels/famille_liee.png,0,2.5,0
681,58,1,Définition d'une famille/partie liée,,Maths/Espaces vectoriels/famille_liee.png,0,2.5,0
369,9,1,Définition d'une fonction bijective,La composée de deux injections (resp. surjections) est une injection (resp. surjection),"Maths/Ensembles,_applications_et_relations_binaires/1785425072.png",0,2.5,0
370,9,1,Définition d'une fonction bijective,,"Maths/Ensembles,_applications_et_relations_binaires/1785425077.png",0,2.5,0
1000,49,1,Définition d'une fonction bijective,La composée de deux injections (resp. surjections) est une injection (resp. surjection),"Maths/Ensembles,_applications_et_relations_binaires/1785425072.png",0,2.5,0
1001,49,1,Définition d'une fonction bijective,,"Maths/Ensembles,_applications_et_relations_binaires/1785425077.png",0,2.5,0
581,25,1,Définition d'une fonction continue par morceaux,,Maths/Intégration_sur_un_segment/1785858635.png,0,2.5,0
1212,65,1,Définition d'une fonction continue par morceaux,,Maths/Intégration_sur_un_segment/1785858635.png,0,2.5,0
608,31,1,Définition d'une fonction convexe,,Maths/Fonctions_convexes/1785940812.png,0,2.5,0
1239,71,1,Définition d'une fonction convexe,,Maths/Fonctions_convexes/1785940812.png,0,2.5,0
261,2,1,Définition d'une fonction dérivée,"f est dite dérivable sur I si f est dérivable en tout point de I.
Dans ce cas,
la fonction x 7 → f ′(x) est dite fonction dérivée de f et notée f ′.",,0,2.5,0
892,42,1,Définition d'une fonction dérivée,"f est dite dérivable sur I si f est dérivable en tout point de I.
Dans ce cas,
la fonction x 7 → f ′(x) est dite fonction dérivée de f et notée f ′.",,0,2.5,0
580,25,1,Définition d'une fonction en escalier sur un segment,,Maths/Intégration_sur_un_segment/1785858595.png,0,2.5,0
1211,65,1,Définition d'une fonction en escalier sur un segment,,Maths/Intégration_sur_un_segment/1785858595.png,0,2.5,0
316,4,1,Définition d'une fonction polynomiale à coef complexe,,Maths/Nombres_complexes/1785337309.png,0,2.5,0
947,44,1,Définition d'une fonction polynomiale à coef complexe,,Maths/Nombres_complexes/1785337309.png,0,2.5,0
522,21,1,Définition d'une forme linéaire,,Maths/Applications_linéaires/1785854188.png,0,2.5,0
1153,61,1,Définition d'une forme linéaire,,Maths/Applications_linéaires/1785854188.png,0,2.5,0
550,23,1,Définition d'une fraction rationnelle,,Maths/Fractions_rationnelles/1785856192.png,0,2.5,0
1181,63,1,Définition d'une fraction rationnelle,,Maths/Fractions_rationnelles/1785856192.png,0,2.5,0
438,13,1,Définition d'une limite d'une fonction à valeurs complexes,"Soit a un point de I ou une extrémité de I.
On dit que f a pour limite ℓ en a si la fonction à valeurs réelles |f − ℓ| a pour limite 0 en a.",,0,2.5,0
1069,53,1,Définition d'une limite d'une fonction à valeurs complexes,"Soit a un point de I ou une extrémité de I.
On dit que f a pour limite ℓ en a si la fonction à valeurs réelles |f − ℓ| a pour limite 0 en a.",,0,2.5,0
377,10,1,Définition d'une limite finie,,Maths/Suites_numériques/1785435730.png,0,2.5,0
1008,50,1,Définition d'une limite finie,,Maths/Suites_numériques/1785435730.png,0,2.5,0
378,10,1,Définition d'une limite infinie,,Maths/Suites_numériques/1785435774.png,0,2.5,0
1009,50,1,Définition d'une limite infinie,,Maths/Suites_numériques/1785435774.png,0,2.5,0
411,13,1,Définition d'une limite à gauche et à droite,,Maths/Limite_et_continuité_des_fonctions_numériques/1785601651.png,0,2.5,0
1042,53,1,Définition d'une limite à gauche et à droite,,Maths/Limite_et_continuité_des_fonctions_numériques/1785601651.png,0,2.5,0
24,30,1,Définition d'une loi binomiale,,Maths/def_bino.png,0,2.5,0
655,70,1,Définition d'une loi binomiale,,Maths/def_bino.png,0,2.5,0
26,30,1,Définition d'une loi d'une variable aléatoire,,Maths/def_alea.png,0,2.5,0
657,70,1,Définition d'une loi d'une variable aléatoire,,Maths/def_alea.png,0,2.5,0
440,14,1,"Définition d'une matrice de taille (n,p)","Toute application A : J1, nK × J1, pK → K est appelée matrice de taille (n, p) à coefficients dans K.",,0,2.5,0
1071,54,1,"Définition d'une matrice de taille (n,p)","Toute application A : J1, nK × J1, pK → K est appelée matrice de taille (n, p) à coefficients dans K.",,0,2.5,0
457,14,1,Définition d'une matrice inversible,,Maths/Calculs_matriciels_et_systèmes_linéaires/1785767877.png,0,2.5,0
1088,54,1,Définition d'une matrice inversible,,Maths/Calculs_matriciels_et_systèmes_linéaires/1785767877.png,0,2.5,0
346,8,1,Définition d'une partie dense,Une partie X de R est dite dense dans R si elle rencontre tout intervalle ouvert non vide de R.,,0,2.5,0
977,48,1,Définition d'une partie dense,Une partie X de R est dite dense dans R si elle rencontre tout intervalle ouvert non vide de R.,,0,2.5,0
152,12,1,Définition d'une partie stable,"Si A une partie de E, A est stable pour ★ ssi ∀ (x,y) ∈ A, x ★ y ∈ A",,0,2.5,0
783,52,1,Définition d'une partie stable,"Si A une partie de E, A est stable pour ★ ssi ∀ (x,y) ∈ A, x ★ y ∈ A",,0,2.5,0
359,9,1,Définition d'une partition d'un ensemble,,"Maths/Ensembles,_applications_et_relations_binaires/1785424514.png",0,2.5,0
990,49,1,Définition d'une partition d'un ensemble,,"Maths/Ensembles,_applications_et_relations_binaires/1785424514.png",0,2.5,0
236,28,1,Définition d'une probabilité ,"On appelle probabilité sur Ω toute application P de P (Ω) dans [0, 1] telle que :
1. P (Ω) = 1 ;
2. ∀(A, B) ∈ P (Ω) × P (Ω), A ∩ B = ∅ ⇒ P(A ∪ B) = P(A) + P(B).",,0,2.5,0
867,68,1,Définition d'une probabilité ,"On appelle probabilité sur Ω toute application P de P (Ω) dans [0, 1] telle que :
1. P (Ω) = 1 ;
2. ∀(A, B) ∈ P (Ω) × P (Ω), A ∩ B = ∅ ⇒ P(A ∪ B) = P(A) + P(B).",,0,2.5,0
111,28,1,Définition d'une probabilité conditionnelle,,Maths/Dénombrement et probabilités finies/proba_condi.png,0,2.5,0
742,68,1,Définition d'une probabilité conditionnelle,,Maths/Dénombrement et probabilités finies/proba_condi.png,0,2.5,0
109,28,1,Définition d'une probabilité uniforme,,Maths/Dénombrement et probabilités finies/proba_uni.png,0,2.5,0
740,68,1,Définition d'une probabilité uniforme,,Maths/Dénombrement et probabilités finies/proba_uni.png,0,2.5,0
252,2,1,Définition d'une relation d'ordre sur R,"On dit que la relation ≤ est une relation d’ordre dans R car elle vérifie les propriétés suivantes :
1. pour tout x réel, x ≤ x. (réflexivité)
2. pour tout couple (x, y) de réels tel que x ≤ y et y ≤ x, on a x = y      (antisymétrie)
3. pour tout triplet (x, y, z) de réels tel que x ≤ y et y ≤ z, on a x ≤ z.       (transitivité)",,0,2.5,0
883,42,1,Définition d'une relation d'ordre sur R,"On dit que la relation ≤ est une relation d’ordre dans R car elle vérifie les propriétés suivantes :
1. pour tout x réel, x ≤ x. (réflexivité)
2. pour tout couple (x, y) de réels tel que x ≤ y et y ≤ x, on a x = y      (antisymétrie)
3. pour tout triplet (x, y, z) de réels tel que x ≤ y et y ≤ z, on a x ≤ z.       (transitivité)",,0,2.5,0
55,18,1,Définition d'une somme de deux sev,,Maths/Espaces vectoriels/def_somme.png,0,2.5,0
686,58,1,Définition d'une somme de deux sev,,Maths/Espaces vectoriels/def_somme.png,0,2.5,0
59,18,1,Définition d'une somme directe,,Maths/Espaces vectoriels/def_directe.png,0,2.5,0
690,58,1,Définition d'une somme directe,,Maths/Espaces vectoriels/def_directe.png,0,2.5,0
403,10,1,Définition d'une suite complexe bornée,,Maths/Suites_numériques/1785600512.png,0,2.5,0
1034,50,1,Définition d'une suite complexe bornée,,Maths/Suites_numériques/1785600512.png,0,2.5,0
381,10,1,Définition d'une suite convergente/divergente,,Maths/Suites_numériques/1785436018.png,0,2.5,0
1012,50,1,Définition d'une suite convergente/divergente,,Maths/Suites_numériques/1785436018.png,0,2.5,0
396,10,1,Définition d'une suite extraite,,Maths/Suites_numériques/1785569185.png,0,2.5,0
1027,50,1,Définition d'une suite extraite,,Maths/Suites_numériques/1785569185.png,0,2.5,0
507,21,1,Définition d'une symétrie,"Remarque
Cette application vérifie s = 2p − IdE où p est la projection sur E1 parallèlement à E2",Maths/Applications_linéaires/1785853383.png,0,2.5,0
1138,61,1,Définition d'une symétrie,"Remarque
Cette application vérifie s = 2p − IdE où p est la projection sur E1 parallèlement à E2",Maths/Applications_linéaires/1785853383.png,0,2.5,0
221,26,1,Définition d'une transposition,"Tout cycle de longueur 2 de [1, n] est aussi appelé transposition de [1, n].",,0,2.5,0
852,66,1,Définition d'une transposition,"Tout cycle de longueur 2 de [1, n] est aussi appelé transposition de [1, n].",,0,2.5,0
238,30,1,Définition d'une variable aléatoire,Toute application X définie sur l’univers Ω à valeurs dans E est dite variable aléatoire (réelle si E = R).,,0,2.5,0
869,70,1,Définition d'une variable aléatoire,Toute application X définie sur l’univers Ω à valeurs dans E est dite variable aléatoire (réelle si E = R).,,0,2.5,0
339,7,1,Définition d'une équation différentielle linéaire d'ordre 2,"Soit a et b deux éléments de K et g une application continue sur I, à valeurs dans K.
La fonction f : I → K est dite solution de l’équation différentielle linéaire d’ordre 2 à coef-
ficients constants
(E) : y′′ + ay′ + by = g(t)
si f est deux fois dérivable sur I et vérifie :
∀t ∈ I, f ′′(t) + af ′(t) + bf (t) = g(t).
Remarque
Lorsque la fonction g est nulle, on dit que l’équation (E) est homogène.",,0,2.5,0
970,47,1,Définition d'une équation différentielle linéaire d'ordre 2,"Soit a et b deux éléments de K et g une application continue sur I, à valeurs dans K.
La fonction f : I → K est dite solution de l’équation différentielle linéaire d’ordre 2 à coef-
ficients constants
(E) : y′′ + ay′ + by = g(t)
si f est deux fois dérivable sur I et vérifie :
∀t ∈ I, f ′′(t) + af ′(t) + bf (t) = g(t).
Remarque
Lorsque la fonction g est nulle, on dit que l’équation (E) est homogène.",,0,2.5,0
16,30,1,Définition d'écart-type,,Maths/ecart.png,0,2.5,0
647,70,1,Définition d'écart-type,,Maths/ecart.png,0,2.5,0
237,28,1,Définition d'évènements indépendants,Deux événements A et B sont dits indépendants si P (A ∩ B) = P (A) P (B) .,,0,2.5,0
868,68,1,Définition d'évènements indépendants,Deux événements A et B sont dits indépendants si P (A ∩ B) = P (A) P (B) .,,0,2.5,0
164,12,1,Définition de Im f,Im f = f(G) = { f(x) | x ∈ G },,0,2.5,0
795,52,1,Définition de Im f,Im f = f(G) = { f(x) | x ∈ G },,0,2.5,0
165,12,1,Définition de Ker f,Ker f = f<sup>-1</sup>({ Eg' }),,0,2.5,0
796,52,1,Définition de Ker f,Ker f = f<sup>-1</sup>({ Eg' }),,0,2.5,0
594,32,1,Définition de classe C(1),"Soit f : O → R une fonction définie sur un ouvert O de R2.
f est dite de classe C1 sur l’ouvert O si ses dérivées partielles d’ordre 1 existent et sont continues sur O.",,0,2.5,0
1225,72,1,Définition de classe C(1),"Soit f : O → R une fonction définie sur un ouvert O de R2.
f est dite de classe C1 sur l’ouvert O si ses dérivées partielles d’ordre 1 existent et sont continues sur O.",,0,2.5,0
572,24,1,Définition de convergence absolue,,Maths/Séries_numériques/1785857288.png,0,2.5,0
1203,64,1,Définition de convergence absolue,,Maths/Séries_numériques/1785857288.png,0,2.5,0
592,31,1,Définition de dérivées partielles en un point,,Maths/Fonctions_convexes/1785859313.png,0,2.5,0
1223,71,1,Définition de dérivées partielles en un point,,Maths/Fonctions_convexes/1785859313.png,0,2.5,0
427,13,1,Définition de fonction continue sur un intervalle,"Une fonction définie sur I, à valeurs dans R est dite continue sur I si elle est continue en tout a de I.
L’ensemble des fonctions continues sur I à valeurs dans R est souvent noté C(I, R) ou C (I) .",,0,2.5,0
1058,53,1,Définition de fonction continue sur un intervalle,"Une fonction définie sur I, à valeurs dans R est dite continue sur I si elle est continue en tout a de I.
L’ensemble des fonctions continues sur I à valeurs dans R est souvent noté C(I, R) ou C (I) .",,0,2.5,0
15,30,1,Définition de l'espérance,,Maths/espe.png,0,2.5,0
646,70,1,Définition de l'espérance,,Maths/espe.png,0,2.5,0
325,4,1,Définition de l'exponentielle complexe,,Maths/Nombres_complexes/1785338022.png,0,2.5,0
956,44,1,Définition de l'exponentielle complexe,,Maths/Nombres_complexes/1785338022.png,0,2.5,0
306,4,1,Définition de l'exponentielle imaginaire,,Maths/Nombres_complexes/1785336257.png,0,2.5,0
937,44,1,Définition de l'exponentielle imaginaire,,Maths/Nombres_complexes/1785336257.png,0,2.5,0
364,9,1,Définition de l'image directe,,"Maths/Ensembles,_applications_et_relations_binaires/1785424859.png",0,2.5,0
995,49,1,Définition de l'image directe,,"Maths/Ensembles,_applications_et_relations_binaires/1785424859.png",0,2.5,0
365,9,1,Définition de l'image réciproque,,"Maths/Ensembles,_applications_et_relations_binaires/1785424892.png",0,2.5,0
996,49,1,Définition de l'image réciproque,,"Maths/Ensembles,_applications_et_relations_binaires/1785424892.png",0,2.5,0
149,12,1,Définition de l'inversibilité,"Il faut que la lci admette un neutre e.
∃ x' ∈ E, ∀ x ∈ E, x ★ x' = x' ★ x = e
Alors x est dit inversible d'inverse x'.",,0,2.5,0
780,52,1,Définition de l'inversibilité,"Il faut que la lci admette un neutre e.
∃ x' ∈ E, ∀ x ∈ E, x ★ x' = x' ★ x = e
Alors x est dit inversible d'inverse x'.",,0,2.5,0
146,12,1,Définition de l'élément neutre d'une lci,"∃ e ∈ E, ∀ x ∈ E, x ★ e = e ★ x = x. On dit que la loi ★ admet un neutre.",,0,2.5,0
777,52,1,Définition de l'élément neutre d'une lci,"∃ e ∈ E, ∀ x ∈ E, x ★ e = e ★ x = x. On dit que la loi ★ admet un neutre.",,0,2.5,0
352,8,1,Définition de la borne supérieure et inférieure,"Soit X une partie de R. S’IL EXISTE,
— le plus petit des majorants de X est appelé borne supérieure de X et noté sup X.
— le plus grand des minorants de X est appelé borne inférieure de X et noté inf X.",,0,2.5,0
983,48,1,Définition de la borne supérieure et inférieure,"Soit X une partie de R. S’IL EXISTE,
— le plus petit des majorants de X est appelé borne supérieure de X et noté sup X.
— le plus grand des minorants de X est appelé borne inférieure de X et noté inf X.",,0,2.5,0
330,6,1,Définition de la classe C(1),Une fonction f : I → K est dite de classe C1 sur I si f est dérivable sur I et de dérivée continue sur I.,,0,2.5,0
961,46,1,Définition de la classe C(1),Une fonction f : I → K est dite de classe C1 sur I si f est dérivable sur I et de dérivée continue sur I.,,0,2.5,0
100,27,1,Définition de la comatrice,,Maths/Déterminants/def_comatrice.png,0,2.5,0
731,67,1,Définition de la comatrice,,Maths/Déterminants/def_comatrice.png,0,2.5,0
239,1,1,Définition de la congruence,"Deux réels a et b sont dits congrus modulo 2π s’il existe un entier relatif k tel que a − b = 2kπ.
Notation : a ≡ b [2π]",,0,2.5,0
489,16,1,Définition de la congruence,"x est dit congru à y modulo n s’il existe k ∈ Z tel que x = y + nk autrement dit si x − y ∈ nZ
Notation : x ≡ y [n]",,0,2.5,0
870,41,1,Définition de la congruence,"Deux réels a et b sont dits congrus modulo 2π s’il existe un entier relatif k tel que a − b = 2kπ.
Notation : a ≡ b [2π]",,0,2.5,0
1120,56,1,Définition de la congruence,"x est dit congru à y modulo n s’il existe k ∈ Z tel que x = y + nk autrement dit si x − y ∈ nZ
Notation : x ≡ y [n]",,0,2.5,0
577,25,1,Définition de la continuité uniforme,,Maths/Intégration_sur_un_segment/1785858453.png,0,2.5,0
1208,65,1,Définition de la continuité uniforme,,Maths/Intégration_sur_un_segment/1785858453.png,0,2.5,0
21,30,1,Définition de la covariance,,Maths/def_covariance.png,0,2.5,0
652,70,1,Définition de la covariance,,Maths/def_covariance.png,0,2.5,0
75,19,1,Définition de la dimension,,Maths/Espaces vectoriels de dimension finie/def_dim.png,0,2.5,0
706,59,1,Définition de la dimension,,Maths/Espaces vectoriels de dimension finie/def_dim.png,0,2.5,0
151,12,1,Définition de la distributivité,"T est distributivité par rapport à ★ ssi 
∀ (x,y,z) ∈ E, - x T (y ★ z) = (x T y) ★ (x T z)
- (y ★ z) T x = (y T x) ★ (z T x)",,0,2.5,0
782,52,1,Définition de la distributivité,"T est distributivité par rapport à ★ ssi 
∀ (x,y,z) ∈ E, - x T (y ★ z) = (x T y) ★ (x T z)
- (y ★ z) T x = (y T x) ★ (z T x)",,0,2.5,0
461,16,1,Définition de la divisibilité ,"S’il existe q dans Z tel que a = bq, on dit que b divise a (ou b est un diviseur de a) et on note b | a .
Dans ce cas,
on dit aussi que a est divisible par b (ou a est un multiple de b).",,0,2.5,0
1092,56,1,Définition de la divisibilité ,"S’il existe q dans Z tel que a = bq, on dit que b divise a (ou b est un diviseur de a) et on note b | a .
Dans ce cas,
on dit aussi que a est divisible par b (ou a est un multiple de b).",,0,2.5,0
313,4,1,Définition de la dérivation d'une fonction complexe,,Maths/Nombres_complexes/1785336918.png,0,2.5,0
944,44,1,Définition de la dérivation d'une fonction complexe,,Maths/Nombres_complexes/1785336918.png,0,2.5,0
106,15,1,Définition de la dérivée en un point,,Maths/Dérivabilité des fonctions numériques/1.png,0,2.5,0
260,2,1,Définition de la dérivée en un point,,Maths/Inégalités_et_fonctions/1785251338.png,0,2.5,0
737,55,1,Définition de la dérivée en un point,,Maths/Dérivabilité des fonctions numériques/1.png,0,2.5,0
891,42,1,Définition de la dérivée en un point,,Maths/Inégalités_et_fonctions/1785251338.png,0,2.5,0
361,9,1,Définition de la fonction indicatrice,,"Maths/Ensembles,_applications_et_relations_binaires/1785424665.png",0,2.5,0
992,49,1,Définition de la fonction indicatrice,,"Maths/Ensembles,_applications_et_relations_binaires/1785424665.png",0,2.5,0
363,9,1,Définition de la fonction prolongement,,"Maths/Ensembles,_applications_et_relations_binaires/1785424813.png",0,2.5,0
994,49,1,Définition de la fonction prolongement,,"Maths/Ensembles,_applications_et_relations_binaires/1785424813.png",0,2.5,0
362,9,1,Définition de la fonction restriction,,"Maths/Ensembles,_applications_et_relations_binaires/1785424731.png",0,2.5,0
993,49,1,Définition de la fonction restriction,,"Maths/Ensembles,_applications_et_relations_binaires/1785424731.png",0,2.5,0
292,4,1,Définition de la forme algébrique d'un nombre complexe," La forme z = a + ib avec (a, b) ∈ R2 est dite forme algébrique du nombre complexe z,
— le réel a est dit partie réelle du nombre complexe z et noté a = Re(z) ;
— le réel b est dit partie imaginaire du nombre complexe z et noté b = Im(z)",,0,2.5,0
923,44,1,Définition de la forme algébrique d'un nombre complexe," La forme z = a + ib avec (a, b) ∈ R2 est dite forme algébrique du nombre complexe z,
— le réel a est dit partie réelle du nombre complexe z et noté a = Re(z) ;
— le réel b est dit partie imaginaire du nombre complexe z et noté b = Im(z)",,0,2.5,0
25,30,1,Définition de la loi Bernoulli,,Maths/def_ber.png,0,2.5,0
656,70,1,Définition de la loi Bernoulli,,Maths/def_ber.png,0,2.5,0
18,30,1,Définition de la loi uniforme,,Maths/def_uni.png,0,2.5,0
649,70,1,Définition de la loi uniforme,,Maths/def_uni.png,0,2.5,0
451,14,1,Définition de la matrice de dilatation,,Maths/Calculs_matriciels_et_systèmes_linéaires/1785767289.png,0,2.5,0
1082,54,1,Définition de la matrice de dilatation,,Maths/Calculs_matriciels_et_systèmes_linéaires/1785767289.png,0,2.5,0
450,14,1,Définition de la matrice de permutation,,Maths/Calculs_matriciels_et_systèmes_linéaires/1785767278.png,0,2.5,0
1081,54,1,Définition de la matrice de permutation,,Maths/Calculs_matriciels_et_systèmes_linéaires/1785767278.png,0,2.5,0
452,14,1,Définition de la matrice de transvection,,Maths/Calculs_matriciels_et_systèmes_linéaires/1785767307.png,0,2.5,0
1083,54,1,Définition de la matrice de transvection,,Maths/Calculs_matriciels_et_systèmes_linéaires/1785767307.png,0,2.5,0
615,31,1,Définition de la moyenne arithmétique,,Maths/Fonctions_convexes/1785941151.png,0,2.5,0
1246,71,1,Définition de la moyenne arithmétique,,Maths/Fonctions_convexes/1785941151.png,0,2.5,0
616,31,1,Définition de la moyenne géométrique,,Maths/Fonctions_convexes/1785941161.png,0,2.5,0
1247,71,1,Définition de la moyenne géométrique,,Maths/Fonctions_convexes/1785941161.png,0,2.5,0
617,31,1,Définition de la moyenne harmonique,,Maths/Fonctions_convexes/1785941173.png,0,2.5,0
1248,71,1,Définition de la moyenne harmonique,,Maths/Fonctions_convexes/1785941173.png,0,2.5,0
204,29,1,Définition de la norme ,"La norme est une application de E dans R+, noté ||.|| et définie par 
∀x ∈ E, ∥x∥ = p< x|x >",,0,2.5,0
835,69,1,Définition de la norme ,"La norme est une application de E dans R+, noté ||.|| et définie par 
∀x ∈ E, ∥x∥ = p< x|x >",,0,2.5,0
257,2,1,Définition de la partie entière d'un réel,"On appelle partie entière d’un réel x et on note ⌊x⌋ l’unique entier relatif tel que
⌊x⌋ ≤ x < ⌊x⌋ + 1",,0,2.5,0
888,42,1,Définition de la partie entière d'un réel,"On appelle partie entière d’un réel x et on note ⌊x⌋ l’unique entier relatif tel que
⌊x⌋ ≤ x < ⌊x⌋ + 1",,0,2.5,0
564,24,1,Définition de la somme et reste d'une série,,Maths/Séries_numériques/1785856902.png,0,2.5,0
1195,64,1,Définition de la somme et reste d'une série,,Maths/Séries_numériques/1785856902.png,0,2.5,0
445,14,1,Définition de la transposition,,Maths/Calculs_matriciels_et_systèmes_linéaires/1785674032.png,0,2.5,0
1076,54,1,Définition de la transposition,,Maths/Calculs_matriciels_et_systèmes_linéaires/1785674032.png,0,2.5,0
253,2,1,Définition de la valeur absolue d'un réel,,Maths/Inégalités_et_fonctions/1785250236.png,0,2.5,0
884,42,1,Définition de la valeur absolue d'un réel,,Maths/Inégalités_et_fonctions/1785250236.png,0,2.5,0
485,16,1,Définition de la valuation p-adique,,Maths/Arithmétique_sur_Z/1785769615.png,0,2.5,0
1116,56,1,Définition de la valuation p-adique,,Maths/Arithmétique_sur_Z/1785769615.png,0,2.5,0
17,30,1,Définition de la variance,,Maths/def_variance.png,0,2.5,0
648,70,1,Définition de la variance,,Maths/def_variance.png,0,2.5,0
455,14,1,Définition de matrices symétrique et antisymétrique,,Maths/Calculs_matriciels_et_systèmes_linéaires/1785767677.png,0,2.5,0
1086,54,1,Définition de matrices symétrique et antisymétrique,,Maths/Calculs_matriciels_et_systèmes_linéaires/1785767677.png,0,2.5,0
19,30,1,Définition de n-uplets de variables aléatoires,,Maths/def_indes.png,0,2.5,0
650,70,1,Définition de n-uplets de variables aléatoires,,Maths/def_indes.png,0,2.5,0
544,22,1,Définition de polynômes irréductibles,"Un polynôme P de K [X] est dit irréductible s’il n’est pas constant et que ses seuls diviseurs dans K [X]
sont les polynômes constants non nuls et les polynômes associés à P .",,0,2.5,0
1175,62,1,Définition de polynômes irréductibles,"Un polynôme P de K [X] est dit irréductible s’il n’est pas constant et que ses seuls diviseurs dans K [X]
sont les polynômes constants non nuls et les polynômes associés à P .",,0,2.5,0
539,22,1,Définition de polynômes premiers entre eux,,Maths/Arithmétique_des_polynômes/1785855530.png,0,2.5,0
1170,62,1,Définition de polynômes premiers entre eux,,Maths/Arithmétique_des_polynômes/1785855530.png,0,2.5,0
54,18,1,Définition de sous-espaces supplémentaires,,Maths/Espaces vectoriels/def_supp.png,0,2.5,0
685,58,1,Définition de sous-espaces supplémentaires,,Maths/Espaces vectoriels/def_supp.png,0,2.5,0
555,23,1,Définition de zéros et de pôles d'une fraction rationnelle,,Maths/Fractions_rationnelles/1785856381.png,0,2.5,0
1186,63,1,Définition de zéros et de pôles d'une fraction rationnelle,,Maths/Fractions_rationnelles/1785856381.png,0,2.5,0
532,22,1,Définition des PGCD entre deux polynômes,,Maths/Arithmétique_des_polynômes/1785855037.png,0,2.5,0
1163,62,1,Définition des PGCD entre deux polynômes,,Maths/Arithmétique_des_polynômes/1785855037.png,0,2.5,0
271,2,1,Définition des dérivées d'ordre supérieur,,Maths/Inégalités_et_fonctions/1785252055.png,0,2.5,0
902,42,1,Définition des dérivées d'ordre supérieur,,Maths/Inégalités_et_fonctions/1785252055.png,0,2.5,0
322,4,1,Définition des racines n-ième,,Maths/Nombres_complexes/1785337769.png,0,2.5,0
953,44,1,Définition des racines n-ième,,Maths/Nombres_complexes/1785337769.png,0,2.5,0
323,4,1,Définition des racines n-ième de l'unité,,Maths/Nombres_complexes/1785337828.png,0,2.5,0
954,44,1,Définition des racines n-ième de l'unité,,Maths/Nombres_complexes/1785337828.png,0,2.5,0
128,20,1,Définition des relations de comparaison,,Maths/Analyse asymptotique/def.png,0,2.5,0
759,60,1,Définition des relations de comparaison,,Maths/Analyse asymptotique/def.png,0,2.5,0
288,3,1,Définition des sommes doubles finies,,Maths/Calcul_algébrique/1785254241.png,0,2.5,0
919,43,1,Définition des sommes doubles finies,,Maths/Calcul_algébrique/1785254241.png,0,2.5,0
563,24,1,Définition divergence grossière,,Maths/Séries_numériques/1785856850.png,0,2.5,0
1194,64,1,Définition divergence grossière,,Maths/Séries_numériques/1785856850.png,0,2.5,0
467,16,1,Définition du PGCD,"Soit (a, b) ∈ N × N∗.
Le plus grand élément (au sens de ≤) de l’ensemble des diviseurs communs à a et b est dit PGCD
de a et b et noté a ∧ b :
a ∧ b = max (D(a) ∩ D(b)) .",,0,2.5,0
1098,56,1,Définition du PGCD,"Soit (a, b) ∈ N × N∗.
Le plus grand élément (au sens de ≤) de l’ensemble des diviseurs communs à a et b est dit PGCD
de a et b et noté a ∧ b :
a ∧ b = max (D(a) ∩ D(b)) .",,0,2.5,0
472,16,1,Définition du PGCD pour deux entiers relatifs,,Maths/Arithmétique_sur_Z/1785768901.png,0,2.5,0
1103,56,1,Définition du PGCD pour deux entiers relatifs,,Maths/Arithmétique_sur_Z/1785768901.png,0,2.5,0
229,28,1,Définition du cardinal,"Soit A un ensemble.
A est dit fini s’il est vide ou s’il existe un entier naturel non nul n et une bijection de [1, n] vers A.
Dans ce cas,
— si A est vide, on dit que A est de cardinal égal à 0.
— si A est non vide alors l’entier n ci-dessus est unique et appelé cardinal de A.",,0,2.5,0
860,68,1,Définition du cardinal,"Soit A un ensemble.
A est dit fini s’il est vide ou s’il existe un entier naturel non nul n et une bijection de [1, n] vers A.
Dans ce cas,
— si A est vide, on dit que A est de cardinal égal à 0.
— si A est non vide alors l’entier n ci-dessus est unique et appelé cardinal de A.",,0,2.5,0
230,28,1,Définition du cardinal d'une partie,"Si B est une partie d’un ensemble fini A alors B est un ensemble fini avec card(B) ≤ card(A) [et égalité des cardinaux si, et seulement si, B = A].",,0,2.5,0
861,68,1,Définition du cardinal d'une partie,"Si B est une partie d’un ensemble fini A alors B est un ensemble fini avec card(B) ≤ card(A) [et égalité des cardinaux si, et seulement si, B = A].",,0,2.5,0
299,4,1,Définition du conjugué d'un nombre complexe,"On appelle conjugué d’un nombre complexe z et on note ¯z le nombre complexe défini par
¯z = Re(z) − i Im(z).",,0,2.5,0
930,44,1,Définition du conjugué d'un nombre complexe,"On appelle conjugué d’un nombre complexe z et on note ¯z le nombre complexe défini par
¯z = Re(z) − i Im(z).",,0,2.5,0
598,32,1,Définition du gradient,,Maths/Fonctions_de_deux_variables/1785940111.png,0,2.5,0
1229,72,1,Définition du gradient,,Maths/Fonctions_de_deux_variables/1785940111.png,0,2.5,0
156,12,1,Définition du groupe de permutations,"S = { f : E -> E bijection}.
(S,°) est un groupe dit des permutations.",,0,2.5,0
787,52,1,Définition du groupe de permutations,"S = { f : E -> E bijection}.
(S,°) est un groupe dit des permutations.",,0,2.5,0
171,12,1,Définition du groupe des inversibles dans un anneau,"Soit (A, +, ×) un anneau
G = { x ∈ A | x admet un inverse pour la loi × dans A}
(G, ×) est dit groupe des inversibles de A",,0,2.5,0
802,52,1,Définition du groupe des inversibles dans un anneau,"Soit (A, +, ×) un anneau
G = { x ∈ A | x admet un inverse pour la loi × dans A}
(G, ×) est dit groupe des inversibles de A",,0,2.5,0
220,26,1,Définition du groupe symétrique,"Le groupe des permutations de l’ensemble [1, n] est appelé groupe symétrique et souvent noté Sn",,0,2.5,0
851,66,1,Définition du groupe symétrique,"Le groupe des permutations de l’ensemble [1, n] est appelé groupe symétrique et souvent noté Sn",,0,2.5,0
154,12,1,Définition du groupe-produit,"Soit G et G' deux groupes alors (G x G', *) est un groupe dit groupe-produit",,0,2.5,0
